_id,nombre,email,contrasena,historialPedidos,tipoCuenta
67fc5500ccdccd648ad5b5c3,William Chaney,alexis65@example.com,!jG*VcXTg5,[],mesero
67fc5500ccdccd648ad5b5c8,Eric Cannon,taylortracey@example.org,))7pNyUS8U,[],administrador
67fc5500ccdccd648ad5b5cb,Michelle Paul,oliviawright@example.net,$gBIV7dw$1,[ObjectId('67fc5500ccdccd648ad5b5cc')],consultor
67fc5500ccdccd648ad5b5d1,Derrick Lloyd,danielmendez@example.net,Y##8JT37Ob,"[ObjectId('67fc5500ccdccd648ad5b5d3'), ObjectId('67fc5500ccdccd648ad5b5d2'), ObjectId('67fc5500ccdccd648ad5b5d4')]",mesero
67fc5500ccdccd648ad5b5d7,Devin Gordon,lopezcassandra@example.org,&BJDtcRa53,"[ObjectId('67fc5500ccdccd648ad5b5dc'), ObjectId('67fc5500ccdccd648ad5b5da'), ObjectId('67fc5500ccdccd648ad5b5d8')]",consultor
67fc5500ccdccd648ad5b5de,William Blanchard,nkelly@example.org,(h3QO@na!8,"[ObjectId('67fc5500ccdccd648ad5b5df'), ObjectId('67fc5500ccdccd648ad5b5e1')]",mesero
67fc5500ccdccd648ad5b5e4,Corey Moore,mark91@example.net,%%1#DhZBL5,[],mesero
67fc5500ccdccd648ad5b5e7,Joseph Clements,stevensrenee@example.com,5Mz4uPOmx_,[],consultor
67fc5500ccdccd648ad5b5ed,Linda Sloan,erinsheppard@example.net,_CYTx@d!h8,"[ObjectId('67fc5500ccdccd648ad5b5f0'), ObjectId('67fc5500ccdccd648ad5b5ef')]",cliente
67fc5500ccdccd648ad5b5f2,Crystal Smith,robert02@example.org,)3Ks9eMro^,[],mesero
67fc5500ccdccd648ad5b5f8,Ivan Sims,markritter@example.net,#b0P3PtjeM,"[ObjectId('67fc5500ccdccd648ad5b5fa'), ObjectId('67fc5500ccdccd648ad5b5f9')]",consultor
67fc5500ccdccd648ad5b5fc,Brian Sampson,hansonsteven@example.com,zJX_3MBtNj,[ObjectId('67fc5500ccdccd648ad5b600')],cliente
67fc5500ccdccd648ad5b603,Julie Owens,perkinskenneth@example.com,&!U1PVyPb3,"[ObjectId('67fc5500ccdccd648ad5b608'), ObjectId('67fc5500ccdccd648ad5b606')]",mesero
67fc5500ccdccd648ad5b60a,Emily Krause,rochakim@example.net,@7HJTY5)mZ,[],mesero
67fc5500ccdccd648ad5b60d,Kevin Nelson,gonzalezjohn@example.net,@@6j_HdziU,[],mesero
67fc5500ccdccd648ad5b610,Ashley Kelly,orozcocheryl@example.net,A@(63AkS5T,[],mesero
67fc5500ccdccd648ad5b613,Cassandra Shepherd,klinechristina@example.com,soH$Ki(x#9,[],cliente
67fc5500ccdccd648ad5b616,Evan Powell,stephenwatson@example.com,DdEvC0Dc#Y,"[ObjectId('67fc5500ccdccd648ad5b619'), ObjectId('67fc5500ccdccd648ad5b618'), ObjectId('67fc5500ccdccd648ad5b61a'), ObjectId('67fc5500ccdccd648ad5b617')]",mesero
67fc5500ccdccd648ad5b61c,Jennifer West,lhamilton@example.org,&Mn)G2XsOR,[],mesero
67fc5500ccdccd648ad5b623,Kevin Moses,christopher84@example.net,7dI5J(fg#k,"[ObjectId('67fc5500ccdccd648ad5b625'), ObjectId('67fc5500ccdccd648ad5b624')]",consultor
67fc5500ccdccd648ad5b628,Joseph Parks,michaelperez@example.com,Q_7LrC9pKE,"[ObjectId('67fc5500ccdccd648ad5b629'), ObjectId('67fc5500ccdccd648ad5b62a')]",administrador
67fc5500ccdccd648ad5b62e,Tracey Parker,samuelpugh@example.com,%5ITvy8A6m,[],consultor
67fc5500ccdccd648ad5b632,Cody Curtis,timothygibbs@example.net,(7XHjX5e^Q,[ObjectId('67fc5500ccdccd648ad5b633')],mesero
67fc5500ccdccd648ad5b635,Bradley Ramsey,gillespiechristine@example.org,Mr9r6J&l$i,[],cliente
67fc5500ccdccd648ad5b63c,Nina Wiley,kramernicholas@example.org,C7Md(msN+j,[],consultor
67fc5500ccdccd648ad5b641,Eric Atkinson,awilliams@example.com,Yn9(#4Lxr&,"[ObjectId('67fc5500ccdccd648ad5b643'), ObjectId('67fc5500ccdccd648ad5b642'), ObjectId('67fc5500ccdccd648ad5b644'), ObjectId('67fc5500ccdccd648ad5b645'), ObjectId('67fc5500ccdccd648ad5b646')]",administrador
67fc5500ccdccd648ad5b648,Jessica Armstrong,dwayne87@example.com,^fLVgm1+l6,"[ObjectId('67fc5500ccdccd648ad5b649'), ObjectId('67fc5500ccdccd648ad5b64d'), ObjectId('67fc5500ccdccd648ad5b64b'), ObjectId('67fc5500ccdccd648ad5b64a')]",mesero
67fc5500ccdccd648ad5b64f,Mark Davis,uchaney@example.net,XR2gMfb6$e,[],mesero
67fc5500ccdccd648ad5b652,Madison French,sarah07@example.com,7L9q0BSg$r,[ObjectId('67fc5500ccdccd648ad5b653')],mesero
67fc5500ccdccd648ad5b655,Latasha Higgins,laura78@example.com,n&4oIo@a(I,"[ObjectId('67fc5500ccdccd648ad5b659'), ObjectId('67fc5500ccdccd648ad5b657'), ObjectId('67fc5500ccdccd648ad5b658'), ObjectId('67fc5500ccdccd648ad5b65a'), ObjectId('67fc5500ccdccd648ad5b656')]",administrador
67fc5500ccdccd648ad5b65c,David Medina,heidijoseph@example.org,&9bPPtjQx8,"[ObjectId('67fc5500ccdccd648ad5b65e'), ObjectId('67fc5500ccdccd648ad5b65d')]",cliente
67fc5500ccdccd648ad5b662,Ray Merritt,petersanthony@example.org,pnn2X%T9f),"[ObjectId('67fc5500ccdccd648ad5b663'), ObjectId('67fc5500ccdccd648ad5b664')]",mesero
67fc5500ccdccd648ad5b667,Donald Smith,brookssusan@example.net,aA)aV2Fj_J,[ObjectId('67fc5500ccdccd648ad5b668')],consultor
67fc5500ccdccd648ad5b66a,Jessica Simmons,travismoore@example.com,608lwSum&x,[],mesero
67fc5500ccdccd648ad5b670,Megan Bradshaw,cwright@example.com,)uS3Cq+h4$,"[ObjectId('67fc5500ccdccd648ad5b672'), ObjectId('67fc5500ccdccd648ad5b671')]",administrador
67fc5500ccdccd648ad5b674,Mrs. Helen Gonzalez,bentleymegan@example.net,!B8Pm&c_o5,[ObjectId('67fc5500ccdccd648ad5b675')],mesero
67fc5500ccdccd648ad5b677,James George,jasonmartin@example.com,0K6FLpF#@s,"[ObjectId('67fc5500ccdccd648ad5b67c'), ObjectId('67fc5500ccdccd648ad5b67a'), ObjectId('67fc5500ccdccd648ad5b678'), ObjectId('67fc5500ccdccd648ad5b679')]",consultor
67fc5500ccdccd648ad5b67e,Shelia Powell,mcintoshandrea@example.net,Q+3kcdIy7!,"[ObjectId('67fc5500ccdccd648ad5b680'), ObjectId('67fc5500ccdccd648ad5b67f'), ObjectId('67fc5500ccdccd648ad5b681')]",consultor
67fc5500ccdccd648ad5b684,Timothy Manning,yvonnehines@example.com,59L$NUp8(w,"[ObjectId('67fc5500ccdccd648ad5b689'), ObjectId('67fc5500ccdccd648ad5b687'), ObjectId('67fc5500ccdccd648ad5b686')]",mesero
67fc5500ccdccd648ad5b68b,Kristina Kelley,brenda67@example.com,BIa5)0Vz^u,[],administrador
67fc5500ccdccd648ad5b68e,Kelly Delgado,andrew10@example.com,92H0OIco)b,"[ObjectId('67fc5500ccdccd648ad5b691'), ObjectId('67fc5500ccdccd648ad5b68f')]",administrador
67fc5500ccdccd648ad5b693,Holly Taylor,brownjacob@example.org,^#qVrHSv(5,[ObjectId('67fc5500ccdccd648ad5b697')],consultor
67fc5500ccdccd648ad5b699,Grace Peters,taylorthomas@example.org,7DFXtMsM)L,"[ObjectId('67fc5500ccdccd648ad5b69d'), ObjectId('67fc5500ccdccd648ad5b69b'), ObjectId('67fc5500ccdccd648ad5b69a')]",consultor
67fc5500ccdccd648ad5b6a0,Kristopher Murillo,williampetersen@example.net,$QSLD^BsD4,[],administrador
67fc5500ccdccd648ad5b6a7,Stephen Jones,randerson@example.com,7pS9Zs0RE@,[ObjectId('67fc5500ccdccd648ad5b6a8')],administrador
67fc5500ccdccd648ad5b6aa,Cindy Johnson,franciscoparker@example.net,!2Pps3Qz2N,"[ObjectId('67fc5500ccdccd648ad5b6ad'), ObjectId('67fc5500ccdccd648ad5b6ab'), ObjectId('67fc5500ccdccd648ad5b6ac')]",mesero
67fc5500ccdccd648ad5b6b0,Lisa Johnson,ufleming@example.net,ncQV8yYaE#,"[ObjectId('67fc5500ccdccd648ad5b6b1'), ObjectId('67fc5500ccdccd648ad5b6b2'), ObjectId('67fc5500ccdccd648ad5b6b3')]",mesero
67fc5500ccdccd648ad5b6b7,Darlene Sanders,nelsonelizabeth@example.org,+6rgBmDaia,[],administrador
67fc5500ccdccd648ad5b6ba,Brittney Wallace,gwendolynmcclain@example.net,b@0FWKml!X,"[ObjectId('67fc5500ccdccd648ad5b6bc'), ObjectId('67fc5500ccdccd648ad5b6bb')]",consultor
67fc5500ccdccd648ad5b6be,Andrea Allen,mchandler@example.org,9MoWhuoc&8,"[ObjectId('67fc5500ccdccd648ad5b6c0'), ObjectId('67fc5500ccdccd648ad5b6bf')]",mesero
67fc5500ccdccd648ad5b6c2,Leslie Sullivan,alexiswright@example.com,+!4g$gDc3!,"[ObjectId('67fc5500ccdccd648ad5b6c3'), ObjectId('67fc5500ccdccd648ad5b6c4')]",cliente
67fc5500ccdccd648ad5b6c6,Alyssa Kirk,jesus09@example.org,H11iOQvf(D,"[ObjectId('67fc5500ccdccd648ad5b6c7'), ObjectId('67fc5500ccdccd648ad5b6c8')]",administrador
67fc5500ccdccd648ad5b6cc,Nathan Beasley,jasminerobinson@example.net,gNN%0JXz$O,[],consultor
67fc5500ccdccd648ad5b6cf,Kaitlyn Bailey,ghernandez@example.net,2(GzPESj^i,"[ObjectId('67fc5500ccdccd648ad5b6d4'), ObjectId('67fc5500ccdccd648ad5b6d1')]",mesero
67fc5500ccdccd648ad5b6d6,Anthony Mitchell,mcguirenicole@example.com,dEV9bW!n^s,[ObjectId('67fc5500ccdccd648ad5b6d7')],consultor
67fc5500ccdccd648ad5b6da,James Hamilton,maddoxchristopher@example.net,x89mIOvN$V,"[ObjectId('67fc5500ccdccd648ad5b6db'), ObjectId('67fc5500ccdccd648ad5b6de'), ObjectId('67fc5500ccdccd648ad5b6dd'), ObjectId('67fc5500ccdccd648ad5b6dc')]",mesero
67fc5500ccdccd648ad5b6e0,James Brown,stephaniegill@example.org,e5Z&x#*c&V,[ObjectId('67fc5500ccdccd648ad5b6e1')],mesero
67fc5500ccdccd648ad5b6e4,Lisa Wiley,martinezbrianna@example.org,a@1xDJfl*Y,[ObjectId('67fc5500ccdccd648ad5b6e5')],consultor
67fc5500ccdccd648ad5b6e7,Lisa Patrick,mwallace@example.org,#MY4*Oua8Z,[],consultor
67fc5500ccdccd648ad5b6ea,Amber Farmer,csmith@example.org,*6)hHic@@&,"[ObjectId('67fc5500ccdccd648ad5b6ec'), ObjectId('67fc5500ccdccd648ad5b6eb'), ObjectId('67fc5500ccdccd648ad5b6ed')]",consultor
67fc5500ccdccd648ad5b6f1,Michael Walls,ycruz@example.net,wb2TGy)F)@,[],mesero
67fc5500ccdccd648ad5b6f4,Nathaniel Austin,autumnkennedy@example.com,882vEVAv^%,[ObjectId('67fc5500ccdccd648ad5b6f5')],mesero
67fc5500ccdccd648ad5b6f7,Steve Clark,dawn62@example.com,i)tG6@Go+y,[ObjectId('67fc5500ccdccd648ad5b6f8')],mesero
67fc5500ccdccd648ad5b6fc,Jack Welch,jeremy51@example.com,8_7Phcz4ze,[],mesero
67fc5500ccdccd648ad5b702,Adam Butler,waltersmichelle@example.net,g9QTIBvk+3,[ObjectId('67fc5500ccdccd648ad5b703')],mesero
67fc5500ccdccd648ad5b705,Kenneth Villegas,nicholas16@example.com,a(6F(HtMXr,[],mesero
67fc5500ccdccd648ad5b70b,Andrew Meza,kimberly98@example.org,30IwjS6v(b,[],cliente
67fc5500ccdccd648ad5b712,Susan Wilson,karinaobrien@example.org,^^c#Rsnvk6,"[ObjectId('67fc5500ccdccd648ad5b715'), ObjectId('67fc5500ccdccd648ad5b714'), ObjectId('67fc5500ccdccd648ad5b716'), ObjectId('67fc5500ccdccd648ad5b717')]",cliente
67fc5500ccdccd648ad5b719,April Smith,loweryrussell@example.com,X7DP_kbv(K,"[ObjectId('67fc5500ccdccd648ad5b71c'), ObjectId('67fc5500ccdccd648ad5b71a'), ObjectId('67fc5500ccdccd648ad5b71b')]",consultor
67fc5500ccdccd648ad5b71e,David Turner,vrichardson@example.org,AQD_3VkYVI,[ObjectId('67fc5500ccdccd648ad5b71f')],cliente
67fc5500ccdccd648ad5b722,Kelly Hatfield,kylecollins@example.net,_bLtaU^fd1,[ObjectId('67fc5500ccdccd648ad5b723')],consultor
67fc5500ccdccd648ad5b727,Stuart Lawrence,jameshuynh@example.org,Q4sA#OoW^m,[ObjectId('67fc5500ccdccd648ad5b729')],consultor
67fc5500ccdccd648ad5b72d,Casey Valdez,danieltran@example.net,TzS75iXY!!,[ObjectId('67fc5500ccdccd648ad5b72e')],cliente
67fc5500ccdccd648ad5b730,Theresa Howard,ronald62@example.org,+_27GBktoJ,[],mesero
67fc5500ccdccd648ad5b733,Joshua Tapia,christopher85@example.com,e1mH0E#^_v,[ObjectId('67fc5500ccdccd648ad5b734')],cliente
67fc5500ccdccd648ad5b738,George Watkins,christina78@example.net,^cMfDW@c8M,[],cliente
67fc5500ccdccd648ad5b73b,Mr. Kevin Long,susan58@example.com,(iWBuhNGF2,[ObjectId('67fc5500ccdccd648ad5b73c')],cliente
67fc5500ccdccd648ad5b73e,Sarah Richardson,osbornejames@example.net,7#4JbS0dLZ,[],administrador
67fc5500ccdccd648ad5b741,Mario Hughes,obradley@example.org,W%@n3kLpRn,"[ObjectId('67fc5500ccdccd648ad5b742'), ObjectId('67fc5500ccdccd648ad5b744')]",cliente
67fc5500ccdccd648ad5b747,Kenneth Rodriguez,amy93@example.com,v5UD#VPR_j,"[ObjectId('67fc5500ccdccd648ad5b748'), ObjectId('67fc5500ccdccd648ad5b74a')]",administrador
67fc5500ccdccd648ad5b74c,Rhonda Chambers,brandon83@example.com,neFEKetY!8,[ObjectId('67fc5500ccdccd648ad5b74d')],consultor
67fc5500ccdccd648ad5b750,Michael Flores,charles54@example.org,VtS8SP(I^!,"[ObjectId('67fc5500ccdccd648ad5b751'), ObjectId('67fc5500ccdccd648ad5b753'), ObjectId('67fc5500ccdccd648ad5b754'), ObjectId('67fc5500ccdccd648ad5b755'), ObjectId('67fc5500ccdccd648ad5b752')]",consultor
67fc5500ccdccd648ad5b757,Heather Fry,kelleyvanessa@example.net,dFB5XcTk!B,"[ObjectId('67fc5500ccdccd648ad5b75b'), ObjectId('67fc5500ccdccd648ad5b75c')]",consultor
67fc5500ccdccd648ad5b75e,Donna Pierce,vortiz@example.org,8dl^3QLw2N,"[ObjectId('67fc5500ccdccd648ad5b761'), ObjectId('67fc5500ccdccd648ad5b75f')]",consultor
67fc5500ccdccd648ad5b763,Nathan Clements,jessica36@example.net,7YZ0!tDc(a,[ObjectId('67fc5500ccdccd648ad5b764')],consultor
67fc5500ccdccd648ad5b766,Diane Bryant MD,deborahweeks@example.net,j)2IvBKj$a,[ObjectId('67fc5500ccdccd648ad5b767')],cliente
67fc5500ccdccd648ad5b76a,Francisco Smith,casejeffery@example.org,lV6OnaS^o^,[],consultor
67fc5500ccdccd648ad5b76e,John Palmer,kfoster@example.com,l3P$+!Bb@q,"[ObjectId('67fc5500ccdccd648ad5b772'), ObjectId('67fc5500ccdccd648ad5b771'), ObjectId('67fc5500ccdccd648ad5b76f'), ObjectId('67fc5500ccdccd648ad5b770'), ObjectId('67fc5500ccdccd648ad5b773')]",cliente
67fc5500ccdccd648ad5b775,Dr. Keith Moore III,richardsbonnie@example.com,(*Wv2uFxVJ,[],consultor
67fc5500ccdccd648ad5b779,Jeffrey Andrews,timothydavis@example.net,@7rW%TlT%b,"[ObjectId('67fc5500ccdccd648ad5b77b'), ObjectId('67fc5500ccdccd648ad5b77a')]",administrador
67fc5500ccdccd648ad5b77d,Patricia Santos,abarton@example.com,&8GyR^Yhtg,"[ObjectId('67fc5500ccdccd648ad5b77e'), ObjectId('67fc5500ccdccd648ad5b780'), ObjectId('67fc5500ccdccd648ad5b77f'), ObjectId('67fc5500ccdccd648ad5b781')]",consultor
67fc5500ccdccd648ad5b784,James Johnson,lconner@example.com,$!2nBuq!%J,[ObjectId('67fc5500ccdccd648ad5b785')],consultor
67fc5500ccdccd648ad5b78a,Dr. Luis Armstrong,njones@example.org,&1lFN_+uD3,[],administrador
67fc5500ccdccd648ad5b78f,Edward Walton,lozanoheather@example.net,X%_73Scn^K,[ObjectId('67fc5500ccdccd648ad5b790')],consultor
67fc5500ccdccd648ad5b792,Nicole Fox,julie69@example.com,i4VSGIxW$7,[],cliente
67fc5500ccdccd648ad5b796,Ronald Forbes,yhall@example.net,#_5@(KqtR6,"[ObjectId('67fc5500ccdccd648ad5b79a'), ObjectId('67fc5500ccdccd648ad5b798'), ObjectId('67fc5500ccdccd648ad5b799'), ObjectId('67fc5500ccdccd648ad5b797')]",administrador
67fc5500ccdccd648ad5b79c,Jesse Dominguez,fmcdaniel@example.net,+ttXYlOHN2,"[ObjectId('67fc5500ccdccd648ad5b79e'), ObjectId('67fc5500ccdccd648ad5b7a0'), ObjectId('67fc5500ccdccd648ad5b79f'), ObjectId('67fc5500ccdccd648ad5b79d'), ObjectId('67fc5500ccdccd648ad5b7a1')]",cliente
67fc5500ccdccd648ad5b7a3,Karen Schneider,juanneal@example.net,4^KbEf3h(G,"[ObjectId('67fc5500ccdccd648ad5b7a5'), ObjectId('67fc5500ccdccd648ad5b7a4')]",consultor
67fc5500ccdccd648ad5b7a8,Isaiah Baker,jefferydawson@example.com,8ASpGXpR_i,[ObjectId('67fc5500ccdccd648ad5b7a9')],administrador
67fc5500ccdccd648ad5b7ab,David Long,evansdaniel@example.net,&@9+B3s*R),[],mesero
67fc5500ccdccd648ad5b7af,Jessica Decker,qgray@example.org,@M)CPnTpE9,"[ObjectId('67fc5500ccdccd648ad5b7b2'), ObjectId('67fc5500ccdccd648ad5b7b0'), ObjectId('67fc5500ccdccd648ad5b7b1')]",administrador
67fc5500ccdccd648ad5b7b4,Steven Salinas,dwilliams@example.com,$q3Z4Ea0lf,"[ObjectId('67fc5500ccdccd648ad5b7b6'), ObjectId('67fc5500ccdccd648ad5b7b7')]",consultor
67fc5500ccdccd648ad5b7ba,Jason Hamilton,pbarrett@example.net,D&OEB1UiiO,[ObjectId('67fc5500ccdccd648ad5b7bb')],administrador
67fc5500ccdccd648ad5b7bd,Kimberly Ramos,alexandersara@example.com,(0OVT+crpI,[ObjectId('67fc5500ccdccd648ad5b7be')],mesero
67fc5500ccdccd648ad5b7c2,James Miller,hendrixmark@example.com,1y1cECqD1#,"[ObjectId('67fc5500ccdccd648ad5b7c3'), ObjectId('67fc5500ccdccd648ad5b7c5'), ObjectId('67fc5500ccdccd648ad5b7c4')]",cliente
67fc5500ccdccd648ad5b7c7,Thomas White,emilypope@example.net,_4P*j$gJ)9,[ObjectId('67fc5500ccdccd648ad5b7c9')],administrador
67fc5500ccdccd648ad5b7ce,Nicholas Fuentes,eburke@example.org,Zq3T%khfd$,"[ObjectId('67fc5500ccdccd648ad5b7d1'), ObjectId('67fc5500ccdccd648ad5b7d2'), ObjectId('67fc5500ccdccd648ad5b7d0')]",cliente
67fc5500ccdccd648ad5b7d5,Cassandra Copeland,charles27@example.net,V0tHsV2N*4,[],cliente
67fc5500ccdccd648ad5b7d9,Philip Case,raymond48@example.net,@L98Cjlb!%,"[ObjectId('67fc5500ccdccd648ad5b7dd'), ObjectId('67fc5500ccdccd648ad5b7db'), ObjectId('67fc5500ccdccd648ad5b7da')]",cliente
67fc5500ccdccd648ad5b7e0,Ronnie Baird,jermaine43@example.org,ml#vI4Le(M,[ObjectId('67fc5500ccdccd648ad5b7e1')],mesero
67fc5500ccdccd648ad5b7e4,David Alexander,hartmandaniel@example.org,r9SapfYb_P,"[ObjectId('67fc5500ccdccd648ad5b7e5'), ObjectId('67fc5500ccdccd648ad5b7e8'), ObjectId('67fc5500ccdccd648ad5b7e9')]",cliente
67fc5500ccdccd648ad5b7eb,Beverly Villarreal,bellsteven@example.com,v*8HSeepBq,[ObjectId('67fc5500ccdccd648ad5b7ec')],mesero
67fc5500ccdccd648ad5b7f2,Richard Payne,paul79@example.net,1R@7(oQe22,"[ObjectId('67fc5500ccdccd648ad5b7f5'), ObjectId('67fc5500ccdccd648ad5b7f7')]",administrador
67fc5500ccdccd648ad5b7f9,Justin Hanson,burgessdarrell@example.org,2+f9JM^r(%,[],consultor
67fc5500ccdccd648ad5b7fd,Latoya Cobb,alyssahaynes@example.org,)hGlq6LgK4,"[ObjectId('67fc5500ccdccd648ad5b7fe'), ObjectId('67fc5500ccdccd648ad5b800')]",cliente
67fc5500ccdccd648ad5b802,Jeffrey Suarez,jackschneider@example.com,)pWWroWT#1,"[ObjectId('67fc5500ccdccd648ad5b805'), ObjectId('67fc5500ccdccd648ad5b803')]",mesero
67fc5500ccdccd648ad5b807,Heather Alvarez,hmorris@example.org,+9Ek$9M3Oq,"[ObjectId('67fc5500ccdccd648ad5b80a'), ObjectId('67fc5500ccdccd648ad5b809')]",consultor
67fc5500ccdccd648ad5b80c,Jade Caldwell,ibeasley@example.org,C@(b7#Kt6#,[ObjectId('67fc5500ccdccd648ad5b80d')],mesero
67fc5500ccdccd648ad5b813,Melissa Callahan,lwilliams@example.net,T8gM19Pf%U,[ObjectId('67fc5500ccdccd648ad5b814')],consultor
67fc5500ccdccd648ad5b81a,Katherine Simpson,nmassey@example.net,skKg#ZZn*9,[],cliente
67fc5500ccdccd648ad5b81f,Vanessa Lawrence,oscar12@example.com,@4FBeYcx#c,"[ObjectId('67fc5500ccdccd648ad5b823'), ObjectId('67fc5500ccdccd648ad5b822'), ObjectId('67fc5500ccdccd648ad5b820')]",cliente
67fc5500ccdccd648ad5b825,Joel Snyder,stephen70@example.net,LUO7QG^fy&,"[ObjectId('67fc5500ccdccd648ad5b827'), ObjectId('67fc5500ccdccd648ad5b826')]",cliente
67fc5500ccdccd648ad5b829,Deborah Johnson,josephfischer@example.org,9*k7O7fa#o,[],mesero
67fc5500ccdccd648ad5b82d,Judy Dawson,taylorkyle@example.org,*2Zd($&y+U,[ObjectId('67fc5500ccdccd648ad5b82e')],mesero
67fc5500ccdccd648ad5b830,Christopher Scott,lisa65@example.org,PRU7J4vIe#,"[ObjectId('67fc5500ccdccd648ad5b833'), ObjectId('67fc5500ccdccd648ad5b832'), ObjectId('67fc5500ccdccd648ad5b831')]",cliente
67fc5500ccdccd648ad5b837,Mike Davis,michelewhite@example.org,igQNXhNG*1,"[ObjectId('67fc5500ccdccd648ad5b838'), ObjectId('67fc5500ccdccd648ad5b839')]",consultor
67fc5500ccdccd648ad5b83b,Kimberly Pham,zbailey@example.com,@0F75+0xYy,[ObjectId('67fc5500ccdccd648ad5b83c')],administrador
67fc5500ccdccd648ad5b840,Taylor Phillips,bgutierrez@example.com,#1oQ2Mie!v,[ObjectId('67fc5500ccdccd648ad5b841')],consultor
67fc5500ccdccd648ad5b843,Andrew Hall,lindsayford@example.net,VK*!9V!hx%,"[ObjectId('67fc5500ccdccd648ad5b845'), ObjectId('67fc5500ccdccd648ad5b844'), ObjectId('67fc5500ccdccd648ad5b846'), ObjectId('67fc5500ccdccd648ad5b848'), ObjectId('67fc5500ccdccd648ad5b847')]",administrador
67fc5500ccdccd648ad5b84a,Kevin Lozano,ksantiago@example.org,$3VQLRbYyq,"[ObjectId('67fc5500ccdccd648ad5b84c'), ObjectId('67fc5500ccdccd648ad5b84d')]",consultor
67fc5500ccdccd648ad5b850,Colleen Hall,watsonanthony@example.org,w^4YHgTWi@,[ObjectId('67fc5500ccdccd648ad5b853')],cliente
67fc5500ccdccd648ad5b856,Brady Shepherd,joshuahammond@example.net,k&yGnVie@8,"[ObjectId('67fc5500ccdccd648ad5b859'), ObjectId('67fc5500ccdccd648ad5b857')]",mesero
67fc5500ccdccd648ad5b85b,Kenneth Ortega,nicholas73@example.com,*IQk9PPbgT,[],cliente
67fc5500ccdccd648ad5b85f,Taylor Murphy,bwhite@example.net,c7ISfGhv!r,"[ObjectId('67fc5500ccdccd648ad5b862'), ObjectId('67fc5500ccdccd648ad5b863'), ObjectId('67fc5500ccdccd648ad5b861'), ObjectId('67fc5500ccdccd648ad5b860')]",mesero
67fc5500ccdccd648ad5b865,Casey Durham,nathanknight@example.net,Z9RKHf0c^n,"[ObjectId('67fc5500ccdccd648ad5b867'), ObjectId('67fc5500ccdccd648ad5b869')]",consultor
67fc5500ccdccd648ad5b86b,Shannon Johnson,nealjames@example.org,+b$Th30tl6,[],cliente
67fc5500ccdccd648ad5b86f,Jennifer Walsh,umitchell@example.com,Rp$0Fkibk@,"[ObjectId('67fc5500ccdccd648ad5b870'), ObjectId('67fc5500ccdccd648ad5b873'), ObjectId('67fc5500ccdccd648ad5b872')]",administrador
67fc5500ccdccd648ad5b875,Courtney Harris,davidreed@example.net,EIa9LoFhm%,[ObjectId('67fc5500ccdccd648ad5b876')],cliente
67fc5500ccdccd648ad5b878,Jennifer Schmidt,brian90@example.net,b9ZcmtO7^#,"[ObjectId('67fc5500ccdccd648ad5b879'), ObjectId('67fc5500ccdccd648ad5b87a')]",consultor
67fc5500ccdccd648ad5b87c,Aaron Bell,micheleprince@example.org,_Q1Mtyi@TH,[],administrador
67fc5500ccdccd648ad5b87f,Deborah Jackson DVM,oknight@example.com,$ER#A8Xi5@,[ObjectId('67fc5500ccdccd648ad5b881')],consultor
67fc5500ccdccd648ad5b883,Tina Hoover,ruth06@example.com,*Va$3JkI)A,[],administrador
67fc5500ccdccd648ad5b889,Elizabeth Underwood,opruitt@example.com,91NLQi52@!,[],cliente
67fc5500ccdccd648ad5b88d,Frederick Hunt,thomashamilton@example.com,M_8QK7oDC%,[],administrador
67fc5500ccdccd648ad5b891,Alexis Wagner,acostarichard@example.org,)L6lF_e&qk,"[ObjectId('67fc5500ccdccd648ad5b892'), ObjectId('67fc5500ccdccd648ad5b894'), ObjectId('67fc5500ccdccd648ad5b896'), ObjectId('67fc5500ccdccd648ad5b895')]",consultor
67fc5500ccdccd648ad5b898,Stephanie Thompson,harveywilliam@example.org,_9kSeiQT4(,"[ObjectId('67fc5500ccdccd648ad5b89c'), ObjectId('67fc5500ccdccd648ad5b89a'), ObjectId('67fc5500ccdccd648ad5b89d')]",cliente
67fc5500ccdccd648ad5b89f,Aaron Foster,clester@example.com,dC6Of#i&F(,[ObjectId('67fc5500ccdccd648ad5b8a0')],cliente
67fc5500ccdccd648ad5b8a2,Anthony Bonilla,selenacruz@example.org,zfY0BVupp%,"[ObjectId('67fc5500ccdccd648ad5b8a5'), ObjectId('67fc5500ccdccd648ad5b8a4')]",consultor
67fc5500ccdccd648ad5b8a7,Michael Lee,garnershane@example.org,&7LLqtM8Gu,"[ObjectId('67fc5500ccdccd648ad5b8a9'), ObjectId('67fc5500ccdccd648ad5b8a8'), ObjectId('67fc5500ccdccd648ad5b8ab'), ObjectId('67fc5500ccdccd648ad5b8ac')]",cliente
67fc5500ccdccd648ad5b8ae,Ryan Bullock,heidi03@example.org,A^4PuL!i*9,"[ObjectId('67fc5500ccdccd648ad5b8af'), ObjectId('67fc5500ccdccd648ad5b8b0'), ObjectId('67fc5500ccdccd648ad5b8b1')]",mesero
67fc5500ccdccd648ad5b8b3,John Cabrera,cummingsjoan@example.org,&gmSXwo_Q7,"[ObjectId('67fc5500ccdccd648ad5b8b5'), ObjectId('67fc5500ccdccd648ad5b8b4')]",consultor
67fc5500ccdccd648ad5b8b8,Erica Mcmahon,jacobbean@example.org,*WgKeJk$S3,[],mesero
67fc5500ccdccd648ad5b8be,Jennifer Robertson,krista88@example.com,+U21Dba(4r,"[ObjectId('67fc5500ccdccd648ad5b8c3'), ObjectId('67fc5500ccdccd648ad5b8c0'), ObjectId('67fc5500ccdccd648ad5b8c2'), ObjectId('67fc5500ccdccd648ad5b8c1')]",consultor
67fc5500ccdccd648ad5b8c5,Amanda Garcia,joneskelly@example.com,EQ_5bZsrQ%,[ObjectId('67fc5500ccdccd648ad5b8c6')],administrador
67fc5500ccdccd648ad5b8ca,Eileen Rivas,nicolejames@example.com,&@7y$XEcs8,"[ObjectId('67fc5500ccdccd648ad5b8cc'), ObjectId('67fc5500ccdccd648ad5b8cd'), ObjectId('67fc5500ccdccd648ad5b8cb')]",cliente
67fc5500ccdccd648ad5b8cf,Matthew Huang,amandawiley@example.net,b200Su1u^!,[ObjectId('67fc5500ccdccd648ad5b8d1')],cliente
67fc5500ccdccd648ad5b8d6,Gary Lang,mallen@example.org,60WDE+Le^i,[],cliente
67fc5500ccdccd648ad5b8d9,Jennifer Smith,aaron56@example.org,x1RJ(gYX!M,[],consultor
67fc5500ccdccd648ad5b8dd,Robert Diaz,nchen@example.net,k6OJuhCv_G,"[ObjectId('67fc5500ccdccd648ad5b8df'), ObjectId('67fc5500ccdccd648ad5b8e1'), ObjectId('67fc5500ccdccd648ad5b8de')]",administrador
67fc5500ccdccd648ad5b8e3,Katie Dawson,owensdaryl@example.com,_tf7CRw$co,"[ObjectId('67fc5500ccdccd648ad5b8e8'), ObjectId('67fc5500ccdccd648ad5b8e6')]",consultor
67fc5500ccdccd648ad5b8ea,Matthew Higgins,vvillegas@example.com,@TdYm38vz%,[ObjectId('67fc5500ccdccd648ad5b8ed')],administrador
67fc5500ccdccd648ad5b8f0,Jill Garrett,storres@example.com,+mC7MJ_dS@,"[ObjectId('67fc5500ccdccd648ad5b8f1'), ObjectId('67fc5500ccdccd648ad5b8f2')]",consultor
67fc5500ccdccd648ad5b8f4,Amy Lee,frank06@example.com,&H1Xf!nO)$,[],cliente
67fc5500ccdccd648ad5b8f7,David Wallace,knoxamanda@example.org,ZK0$5A)tK5,[],consultor
67fc5500ccdccd648ad5b8fc,Ashley Taylor,jackjordan@example.com,v2SgI1lg+E,[ObjectId('67fc5500ccdccd648ad5b8fd')],administrador
67fc5500ccdccd648ad5b8ff,Andrew Sanders,samuelsmith@example.com,^sADsSf@14,[],consultor
67fc5500ccdccd648ad5b906,Carol Brown,nathanbray@example.org,XQU46bQso*,"[ObjectId('67fc5500ccdccd648ad5b908'), ObjectId('67fc5500ccdccd648ad5b907')]",cliente
67fc5500ccdccd648ad5b90b,Scott Donaldson,timothyleonard@example.net,eo2)9mEz%R,[],consultor
67fc5500ccdccd648ad5b90e,Tonya Dixon,martinkayla@example.com,q@L)7LQl2E,"[ObjectId('67fc5500ccdccd648ad5b911'), ObjectId('67fc5500ccdccd648ad5b90f'), ObjectId('67fc5500ccdccd648ad5b910'), ObjectId('67fc5500ccdccd648ad5b912')]",consultor
67fc5500ccdccd648ad5b914,Crystal Coleman,hughescatherine@example.org,*7x9Nt8YWi,[ObjectId('67fc5500ccdccd648ad5b915')],cliente
67fc5500ccdccd648ad5b918,Joel Dunn,jessicastrong@example.org,XHQDCp(c@0,[ObjectId('67fc5500ccdccd648ad5b919')],consultor
67fc5500ccdccd648ad5b91b,Tina Reed,deborah41@example.org,9Bz0KT!t%+,[ObjectId('67fc5500ccdccd648ad5b91c')],consultor
67fc5500ccdccd648ad5b91e,Christopher Garza,whitneysmith@example.org,&9GDTXUNRj,[ObjectId('67fc5500ccdccd648ad5b91f')],cliente
67fc5500ccdccd648ad5b921,Christopher Jones,mbarton@example.net,Sn&I7iDsr7,[],mesero
67fc5500ccdccd648ad5b924,John Barnes,richmonderic@example.com,#8VTDulR2g,[ObjectId('67fc5500ccdccd648ad5b927')],cliente
67fc5500ccdccd648ad5b92b,Kristin Taylor,beckyfitzpatrick@example.net,0VJAW0Ry@@,[ObjectId('67fc5500ccdccd648ad5b92d')],cliente
67fc5500ccdccd648ad5b930,Robert Thomas,omyers@example.com,7%R8IT1l_u,[ObjectId('67fc5500ccdccd648ad5b931')],consultor
67fc5500ccdccd648ad5b934,Angela Cantrell,emckinney@example.com,%7%HuBU7H4,"[ObjectId('67fc5500ccdccd648ad5b939'), ObjectId('67fc5500ccdccd648ad5b937'), ObjectId('67fc5500ccdccd648ad5b935'), ObjectId('67fc5500ccdccd648ad5b938')]",administrador
67fc5500ccdccd648ad5b93b,Joseph Porter,anne49@example.com,xC2vU2Rr&B,"[ObjectId('67fc5500ccdccd648ad5b93c'), ObjectId('67fc5500ccdccd648ad5b93d')]",cliente
67fc5500ccdccd648ad5b93f,Vanessa Bishop,vangmark@example.com,@R8MK5xS%C,"[ObjectId('67fc5500ccdccd648ad5b941'), ObjectId('67fc5500ccdccd648ad5b940'), ObjectId('67fc5500ccdccd648ad5b943'), ObjectId('67fc5500ccdccd648ad5b942'), ObjectId('67fc5500ccdccd648ad5b944')]",administrador
67fc5500ccdccd648ad5b946,Lisa Gilmore,john22@example.org,C3!hSjus#F,[],consultor
67fc5500ccdccd648ad5b94a,Kathy Smith,relliott@example.org,!D@Z8AGbhw,"[ObjectId('67fc5500ccdccd648ad5b94c'), ObjectId('67fc5500ccdccd648ad5b94b'), ObjectId('67fc5500ccdccd648ad5b94d')]",cliente
67fc5500ccdccd648ad5b94f,Amanda Hamilton,briandonaldson@example.org,^R0Gul0xHT,"[ObjectId('67fc5500ccdccd648ad5b950'), ObjectId('67fc5500ccdccd648ad5b952')]",administrador
67fc5500ccdccd648ad5b954,Angelica Jenkins MD,frios@example.com,I_0IK%wNKO,[],cliente
67fc5500ccdccd648ad5b958,Katherine Kelly,msmith@example.net,9hUHFh1X$m,[],consultor
67fc5500ccdccd648ad5b95b,Amanda Boyd,allendaniel@example.com,*QrBFCt$b8,"[ObjectId('67fc5500ccdccd648ad5b95c'), ObjectId('67fc5500ccdccd648ad5b95d')]",mesero
67fc5500ccdccd648ad5b960,Alyssa Clarke,cbrooks@example.com,3$4K*BshCY,"[ObjectId('67fc5500ccdccd648ad5b963'), ObjectId('67fc5500ccdccd648ad5b965')]",cliente
67fc5500ccdccd648ad5b967,Seth Barber,zcollins@example.com,14Rqt^Xv$e,"[ObjectId('67fc5500ccdccd648ad5b96a'), ObjectId('67fc5500ccdccd648ad5b968'), ObjectId('67fc5500ccdccd648ad5b969'), ObjectId('67fc5500ccdccd648ad5b96c'), ObjectId('67fc5500ccdccd648ad5b96b')]",consultor
67fc5500ccdccd648ad5b96e,Misty Hunter,michael29@example.com,$2pQ#%RvG3,[ObjectId('67fc5500ccdccd648ad5b970')],administrador
67fc5500ccdccd648ad5b973,Jacqueline Harrison,raymondparker@example.net,+2RD7%JsA4,"[ObjectId('67fc5500ccdccd648ad5b974'), ObjectId('67fc5500ccdccd648ad5b975')]",mesero
67fc5500ccdccd648ad5b977,Misty Lowery,hillamber@example.com,)5JYkSVoA6,[],consultor
67fc5500ccdccd648ad5b97a,Matthew Bowman,edgar53@example.org,&G3pFrYP^T,[],mesero
67fc5500ccdccd648ad5b97f,Scott Calderon,stacywilcox@example.org,L%OBk0BT+5,"[ObjectId('67fc5500ccdccd648ad5b984'), ObjectId('67fc5500ccdccd648ad5b983')]",mesero
67fc5500ccdccd648ad5b986,Diana Rodriguez,johnsonmegan@example.com,c9K7L^TN)i,[ObjectId('67fc5500ccdccd648ad5b989')],administrador
67fc5500ccdccd648ad5b98c,Scott Butler,padillabrandon@example.net,@i5Ae6dUE!,"[ObjectId('67fc5500ccdccd648ad5b991'), ObjectId('67fc5500ccdccd648ad5b990'), ObjectId('67fc5500ccdccd648ad5b98f'), ObjectId('67fc5500ccdccd648ad5b98d'), ObjectId('67fc5500ccdccd648ad5b98e')]",consultor
67fc5500ccdccd648ad5b993,Bryan Hanson,joshuaescobar@example.com,K#0b9Ur65X,"[ObjectId('67fc5500ccdccd648ad5b995'), ObjectId('67fc5500ccdccd648ad5b996'), ObjectId('67fc5500ccdccd648ad5b997'), ObjectId('67fc5500ccdccd648ad5b994')]",mesero
67fc5500ccdccd648ad5b999,Barry Dixon,lambmorgan@example.net,zy4BMDPn_8,[ObjectId('67fc5500ccdccd648ad5b99b')],cliente
67fc5500ccdccd648ad5b9a0,Brian Watkins,hensleyholly@example.net,w!0wV1VdJ+,"[ObjectId('67fc5500ccdccd648ad5b9a2'), ObjectId('67fc5500ccdccd648ad5b9a3'), ObjectId('67fc5500ccdccd648ad5b9a1')]",mesero
67fc5500ccdccd648ad5b9a5,Norman Schwartz,bryan08@example.com,UI7VyiGMd),"[ObjectId('67fc5500ccdccd648ad5b9a6'), ObjectId('67fc5500ccdccd648ad5b9a8'), ObjectId('67fc5500ccdccd648ad5b9a7')]",consultor
67fc5500ccdccd648ad5b9aa,Susan Lucero,thompsonbrandon@example.com,Wb8Z4@kHl^,"[ObjectId('67fc5500ccdccd648ad5b9af'), ObjectId('67fc5500ccdccd648ad5b9ae')]",cliente
67fc5500ccdccd648ad5b9b1,Jane Wiley MD,grahamchristina@example.com,8VqZja8j)C,"[ObjectId('67fc5500ccdccd648ad5b9b3'), ObjectId('67fc5500ccdccd648ad5b9b5'), ObjectId('67fc5500ccdccd648ad5b9b2'), ObjectId('67fc5500ccdccd648ad5b9b6')]",consultor
67fc5500ccdccd648ad5b9b8,Mr. Nicholas Phillips,cmcknight@example.com,_x5#DC&fa^,[ObjectId('67fc5500ccdccd648ad5b9ba')],consultor
67fc5500ccdccd648ad5b9bc,Matthew West,vhamilton@example.org,MUrUAkOf#8,"[ObjectId('67fc5500ccdccd648ad5b9bd'), ObjectId('67fc5500ccdccd648ad5b9be'), ObjectId('67fc5500ccdccd648ad5b9bf')]",administrador
67fc5500ccdccd648ad5b9c1,Michael Chen,andrew98@example.org,^03NBeej_C,[ObjectId('67fc5500ccdccd648ad5b9c2')],consultor
67fc5500ccdccd648ad5b9c7,Natalie Schmidt,colleen57@example.org,%RkeYNQr3G,"[ObjectId('67fc5500ccdccd648ad5b9c9'), ObjectId('67fc5500ccdccd648ad5b9c8')]",consultor
67fc5500ccdccd648ad5b9cb,Amanda Clark,joshuahunter@example.com,w4AuQed#*6,[],cliente
67fc5500ccdccd648ad5b9cf,Ryan Mcbride,richard92@example.net,J5@6N^7i$B,[ObjectId('67fc5500ccdccd648ad5b9d0')],administrador
67fc5500ccdccd648ad5b9d2,Renee Green,rwoodard@example.com,S%*nQiRm!0,[],consultor
67fc5500ccdccd648ad5b9d6,Sheila Brooks,nsanchez@example.net,D#1HYw8unY,[],mesero
67fc5500ccdccd648ad5b9da,Dr. Valerie Foster DVM,tina05@example.org,@2bnLAuh1J,[ObjectId('67fc5500ccdccd648ad5b9db')],administrador
67fc5500ccdccd648ad5b9dd,Samantha Acosta,sarahgray@example.com,!3sk8Ot$tO,[],mesero
67fc5500ccdccd648ad5b9e0,Isaac Kane,evansamanda@example.org,c5t13Zik!S,[],cliente
67fc5500ccdccd648ad5b9e5,Gregory Powell,usmith@example.org,%(!0K@gw3!,[],administrador
67fc5500ccdccd648ad5b9e8,Edward Martinez,klang@example.net,na5qBg7!+L,[],administrador
67fc5500ccdccd648ad5b9eb,Laura Bowman DVM,thorntonbarbara@example.net,^2a1zLzw@x,[ObjectId('67fc5500ccdccd648ad5b9ec')],consultor
67fc5500ccdccd648ad5b9ee,David Dudley,fcollins@example.org,(#WASThx%5,[],mesero
67fc5500ccdccd648ad5b9f1,Zachary Burns,tanyaharvey@example.org,DC9T1Pz#+v,[ObjectId('67fc5500ccdccd648ad5b9f3')],consultor
67fc5500ccdccd648ad5b9f5,Brent Mack,eramos@example.net,K3N4B!zq^I,"[ObjectId('67fc5500ccdccd648ad5b9f6'), ObjectId('67fc5500ccdccd648ad5b9f8'), ObjectId('67fc5500ccdccd648ad5b9f7')]",cliente
67fc5500ccdccd648ad5b9fa,Amanda Webb,kentmarshall@example.net,+F8BBA+jV_,"[ObjectId('67fc5500ccdccd648ad5b9fb'), ObjectId('67fc5500ccdccd648ad5b9fc'), ObjectId('67fc5500ccdccd648ad5b9fe')]",administrador
67fc5500ccdccd648ad5ba00,Bradley Smith,pbright@example.org,Mn9dYt3E^_,"[ObjectId('67fc5500ccdccd648ad5ba03'), ObjectId('67fc5500ccdccd648ad5ba04'), ObjectId('67fc5500ccdccd648ad5ba02')]",administrador
67fc5500ccdccd648ad5ba06,Faith Medina,denisesullivan@example.org,&l_v8YTcF3,[ObjectId('67fc5500ccdccd648ad5ba07')],administrador
67fc5500ccdccd648ad5ba09,Alexander Gilmore,jbender@example.net,17ZS0@rZ%9,"[ObjectId('67fc5500ccdccd648ad5ba0a'), ObjectId('67fc5500ccdccd648ad5ba0b')]",cliente
67fc5500ccdccd648ad5ba10,Joy James,patrickherman@example.org,@_2JCqkqTk,"[ObjectId('67fc5500ccdccd648ad5ba11'), ObjectId('67fc5500ccdccd648ad5ba12')]",mesero
67fc5500ccdccd648ad5ba15,Richard Sanchez,danielolson@example.com,fP9(B1Kn6C,[],cliente
67fc5500ccdccd648ad5ba18,Joseph James,hendersonronnie@example.org,IdaO8b7k%0,[],mesero
67fc5500ccdccd648ad5ba1b,Nancy Benitez,novakpatrick@example.org,W$^G7lYm#g,[ObjectId('67fc5500ccdccd648ad5ba1c')],consultor
67fc5500ccdccd648ad5ba1e,Zachary Tucker,cliffordhall@example.net,$j7bT&Lx_o,"[ObjectId('67fc5500ccdccd648ad5ba1f'), ObjectId('67fc5500ccdccd648ad5ba20'), ObjectId('67fc5500ccdccd648ad5ba21')]",administrador
67fc5500ccdccd648ad5ba25,Denise Hill,cartermorgan@example.net,@vMa6W(m5D,[ObjectId('67fc5500ccdccd648ad5ba26')],cliente
67fc5500ccdccd648ad5ba28,Mr. Logan Bullock,louismoreno@example.com,P7HDEqul^b,[],mesero
67fc5500ccdccd648ad5ba2b,Andrew Sharp,eking@example.org,@HBVg)2w+0,[],consultor
67fc5500ccdccd648ad5ba30,Scott Scott,kerri27@example.net,$+S1ENl0u9,"[ObjectId('67fc5500ccdccd648ad5ba33'), ObjectId('67fc5500ccdccd648ad5ba31'), ObjectId('67fc5500ccdccd648ad5ba32')]",administrador
67fc5500ccdccd648ad5ba35,Jacqueline Taylor,hnguyen@example.com,j%1e4Pfs77,[],consultor
67fc5500ccdccd648ad5ba38,Melody Griffin,amanda84@example.com,_fA4GDyh5d,"[ObjectId('67fc5500ccdccd648ad5ba3a'), ObjectId('67fc5500ccdccd648ad5ba39')]",cliente
67fc5500ccdccd648ad5ba3c,Angelica Tran,perezjanice@example.org,!S1LO@qNsa,[],mesero
67fc5500ccdccd648ad5ba3f,Earl Ramos,stephanierogers@example.org,!40HAi2uVz,[],cliente
67fc5500ccdccd648ad5ba43,Julia Cohen,alexisbrown@example.net,fU(q9LdZuy,"[ObjectId('67fc5500ccdccd648ad5ba45'), ObjectId('67fc5500ccdccd648ad5ba46'), ObjectId('67fc5500ccdccd648ad5ba44'), ObjectId('67fc5500ccdccd648ad5ba47'), ObjectId('67fc5500ccdccd648ad5ba48')]",mesero
67fc5500ccdccd648ad5ba4a,Martin Coleman,ddouglas@example.com,CT5xG5Zh9#,[],consultor
67fc5500ccdccd648ad5ba51,Crystal Miller,xcoleman@example.com,EQ4T+ylk(c,[],mesero
67fc5500ccdccd648ad5ba55,Charles Morgan,cbrock@example.com,V#7sEkX6ga,[ObjectId('67fc5500ccdccd648ad5ba56')],consultor
67fc5500ccdccd648ad5ba58,Matthew Mann,dakotakelley@example.net,%32Sw_Bm%8,"[ObjectId('67fc5500ccdccd648ad5ba5a'), ObjectId('67fc5500ccdccd648ad5ba5b'), ObjectId('67fc5500ccdccd648ad5ba59')]",cliente
67fc5500ccdccd648ad5ba5e,Mrs. Angel Wood DDS,iballard@example.com,o13eKzXi$Q,[],mesero
67fc5500ccdccd648ad5ba62,Jacob Smith,kathleenmartinez@example.net,+#o8HLV0ow,[],consultor
67fc5500ccdccd648ad5ba65,Edward Pope,katrinanicholson@example.com,@#ed6BOiI1,[ObjectId('67fc5500ccdccd648ad5ba66')],administrador
67fc5500ccdccd648ad5ba68,Sarah Johnson,paula40@example.net,#4^kXq#_Bi,"[ObjectId('67fc5500ccdccd648ad5ba69'), ObjectId('67fc5500ccdccd648ad5ba6a')]",consultor
67fc5500ccdccd648ad5ba6e,Amber Miller,gerald84@example.org,Aih_*exl$5,[],consultor
67fc5500ccdccd648ad5ba72,Carrie Rowland,mendozastephanie@example.com,+4)W2yHm!E,[],consultor
67fc5500ccdccd648ad5ba76,Christopher Morales,mdawson@example.net,_XrboIXn@9,[],administrador
67fc5500ccdccd648ad5ba79,Linda Molina,jake69@example.com,oX2CKQvC$h,[ObjectId('67fc5500ccdccd648ad5ba7a')],consultor
67fc5500ccdccd648ad5ba7c,Angela Kennedy,mckenzierachel@example.org,qyTx6wy)!4,"[ObjectId('67fc5500ccdccd648ad5ba7d'), ObjectId('67fc5500ccdccd648ad5ba7e')]",administrador
67fc5500ccdccd648ad5ba81,Laura Lewis,kenneth25@example.org,VZlSwpDa_7,[ObjectId('67fc5500ccdccd648ad5ba82')],cliente
67fc5500ccdccd648ad5ba84,John Powell,mike51@example.com,k8884BHwN),[],mesero
67fc5500ccdccd648ad5ba8a,Grant Stanley,hellis@example.net,25AmPxsn)r,"[ObjectId('67fc5500ccdccd648ad5ba8d'), ObjectId('67fc5500ccdccd648ad5ba8c'), ObjectId('67fc5500ccdccd648ad5ba8b')]",mesero
67fc5500ccdccd648ad5ba8f,Lisa Gonzalez,qdiaz@example.com,*p20PgqBb_,"[ObjectId('67fc5500ccdccd648ad5ba91'), ObjectId('67fc5500ccdccd648ad5ba90')]",cliente
67fc5500ccdccd648ad5ba93,Andrew Kennedy,jennifercox@example.org,^3w+dV%n(e,[],administrador
67fc5500ccdccd648ad5ba98,Felicia Davis,dunlapbrandon@example.com,TjO2WXj#^y,"[ObjectId('67fc5500ccdccd648ad5ba9c'), ObjectId('67fc5500ccdccd648ad5ba9a'), ObjectId('67fc5500ccdccd648ad5ba9b'), ObjectId('67fc5500ccdccd648ad5ba99')]",consultor
67fc5500ccdccd648ad5ba9e,Sean Flynn,caldwelljeffrey@example.com,%ZdNxbyHN5,"[ObjectId('67fc5500ccdccd648ad5baa0'), ObjectId('67fc5500ccdccd648ad5ba9f'), ObjectId('67fc5500ccdccd648ad5baa1')]",mesero
67fc5500ccdccd648ad5baa5,Angel Brown,lukethompson@example.com,%2hZToVQj3,[],cliente
67fc5500ccdccd648ad5baab,Adam Smith,jeffery68@example.org,(s6%Cx9q#9,[ObjectId('67fc5500ccdccd648ad5baac')],cliente
67fc5500ccdccd648ad5baae,Sandra Alvarado,joshuamorton@example.org,%KSfuxwk$1,[ObjectId('67fc5500ccdccd648ad5baaf')],administrador
67fc5500ccdccd648ad5bab1,Janet Ford PhD,heather74@example.com,@pl7xMUwt&,[ObjectId('67fc5500ccdccd648ad5bab4')],cliente
67fc5500ccdccd648ad5bab8,Monica Atkinson,nielsenjonathan@example.org,#VX2O0inMV,[ObjectId('67fc5500ccdccd648ad5bab9')],administrador
67fc5500ccdccd648ad5babb,Eric Norton,ebonyward@example.org,E7J_8hUk(),[],cliente
67fc5500ccdccd648ad5babf,Jason Wang,franksummers@example.net,S#1M&29khK,[],administrador
67fc5500ccdccd648ad5bac2,Abigail Smith,uford@example.com,s9LBdpa1+t,[ObjectId('67fc5500ccdccd648ad5bac3')],cliente
67fc5500ccdccd648ad5bac9,Clifford Marquez,nicolejohnson@example.org,(B)HKo7m)4,[ObjectId('67fc5500ccdccd648ad5baca')],mesero
67fc5500ccdccd648ad5bacc,Brian Nelson,jamesknight@example.com,gpdDJTi$!0,[ObjectId('67fc5500ccdccd648ad5bacd')],cliente
67fc5500ccdccd648ad5bacf,Kenneth King,danieleric@example.com,!UGsV0m4k2,[ObjectId('67fc5500ccdccd648ad5bad1')],cliente
67fc5500ccdccd648ad5bad4,Shannon Frazier,ashleyrowland@example.com,gz$2IPk9i&,"[ObjectId('67fc5500ccdccd648ad5bad7'), ObjectId('67fc5500ccdccd648ad5bad9'), ObjectId('67fc5500ccdccd648ad5bad6')]",consultor
67fc5500ccdccd648ad5badb,Jason Smith,ronaldeaton@example.com,9ngQyR6c^7,[ObjectId('67fc5500ccdccd648ad5badc')],cliente
67fc5500ccdccd648ad5bade,Donna Acevedo,corozco@example.net,))9SiemtkG,[ObjectId('67fc5500ccdccd648ad5badf')],consultor
67fc5500ccdccd648ad5bae4,Michael Wilson,brookschristopher@example.org,+mN^SbzQr7,[],cliente
67fc5500ccdccd648ad5bae8,Katherine Schwartz,robertgould@example.org,%8JZZ6nl)4,"[ObjectId('67fc5500ccdccd648ad5baeb'), ObjectId('67fc5500ccdccd648ad5baed'), ObjectId('67fc5500ccdccd648ad5baea')]",mesero
67fc5500ccdccd648ad5baef,Jill Bryant,thomasedward@example.org,(BJlkx6&40,[],cliente
67fc5500ccdccd648ad5baf5,Andrea Cook,shepherdangela@example.com,!6gc&ZPc&@,[ObjectId('67fc5500ccdccd648ad5baf6')],mesero
67fc5500ccdccd648ad5bafb,Travis Golden,qpham@example.org,PjIH78Dy)E,"[ObjectId('67fc5500ccdccd648ad5baff'), ObjectId('67fc5500ccdccd648ad5bafd')]",cliente
67fc5500ccdccd648ad5bb01,Brent Novak,davidherrera@example.com,p&&wW6#lmS,"[ObjectId('67fc5500ccdccd648ad5bb02'), ObjectId('67fc5500ccdccd648ad5bb03')]",cliente
67fc5500ccdccd648ad5bb06,William Walker,kristenharris@example.com,&NzDXZxs$8,[ObjectId('67fc5500ccdccd648ad5bb07')],consultor
67fc5500ccdccd648ad5bb0a,Joshua King,watsonandrea@example.com,_0FvAy037k,"[ObjectId('67fc5500ccdccd648ad5bb0d'), ObjectId('67fc5500ccdccd648ad5bb0b')]",administrador
67fc5500ccdccd648ad5bb0f,Christina Watson,susanmarshall@example.net,609SQocK#!,"[ObjectId('67fc5500ccdccd648ad5bb11'), ObjectId('67fc5500ccdccd648ad5bb12')]",consultor
67fc5500ccdccd648ad5bb15,Jennifer Duncan,ramirezamber@example.org,lm()8oKvHD,[],cliente
67fc5500ccdccd648ad5bb19,Jonathan Ewing,mhunt@example.org,g6YX5GnQ*x,[ObjectId('67fc5500ccdccd648ad5bb1c')],administrador
67fc5500ccdccd648ad5bb1e,Jesse Mathis,thompsonmichael@example.org,o&76SUXaLj,[ObjectId('67fc5500ccdccd648ad5bb1f')],administrador
67fc5500ccdccd648ad5bb22,Ashley Ramos,lisa27@example.net,M6JSaHIm+E,[ObjectId('67fc5500ccdccd648ad5bb23')],consultor
67fc5500ccdccd648ad5bb25,Tara Alexander,shawnholden@example.net,__2LWmmXXx,[ObjectId('67fc5500ccdccd648ad5bb26')],cliente
67fc5500ccdccd648ad5bb28,Michael Thompson,reedkathryn@example.org,sreKU)uw!5,[ObjectId('67fc5500ccdccd648ad5bb29')],cliente
67fc5500ccdccd648ad5bb2b,Michele Garza,steven84@example.org,f8zKFla)^i,"[ObjectId('67fc5500ccdccd648ad5bb2e'), ObjectId('67fc5500ccdccd648ad5bb2f'), ObjectId('67fc5500ccdccd648ad5bb2d')]",consultor
67fc5500ccdccd648ad5bb31,Cynthia Mason,santiagodestiny@example.com,3_Y7Qhiw#c,"[ObjectId('67fc5500ccdccd648ad5bb35'), ObjectId('67fc5500ccdccd648ad5bb34'), ObjectId('67fc5500ccdccd648ad5bb32'), ObjectId('67fc5500ccdccd648ad5bb33')]",cliente
67fc5500ccdccd648ad5bb38,Richard Miller,floydjason@example.com,&*67MmVacX,[],mesero
67fc5500ccdccd648ad5bb3b,Mark Garcia,zamoraamy@example.net,dIjGKGHp)2,[ObjectId('67fc5500ccdccd648ad5bb3c')],mesero
67fc5500ccdccd648ad5bb3e,Meghan Riley,justinjordan@example.org,_Ad_PoB6t4,"[ObjectId('67fc5500ccdccd648ad5bb3f'), ObjectId('67fc5500ccdccd648ad5bb40')]",cliente
67fc5500ccdccd648ad5bb42,Jerome Mendez,mark70@example.org,di2zcJI)W_,[],administrador
67fc5500ccdccd648ad5bb46,Sherri Guerrero,crystaljones@example.net,jN4HPNowO$,[],mesero
67fc5500ccdccd648ad5bb49,Michael Strickland,diazlaurie@example.net,xj69CIlpl%,"[ObjectId('67fc5500ccdccd648ad5bb4a'), ObjectId('67fc5500ccdccd648ad5bb4c')]",administrador
67fc5500ccdccd648ad5bb4e,Samuel Higgins,lisajimenez@example.net,8$1Ce1Mvsc,[ObjectId('67fc5500ccdccd648ad5bb4f')],administrador
67fc5500ccdccd648ad5bb51,Christopher Sanders,troybrown@example.com,c3_6Aj%_W7,[ObjectId('67fc5500ccdccd648ad5bb52')],mesero
67fc5500ccdccd648ad5bb55,Cody Taylor,sandersrobert@example.org,bdK0OpXe5@,"[ObjectId('67fc5500ccdccd648ad5bb57'), ObjectId('67fc5500ccdccd648ad5bb56')]",cliente
67fc5500ccdccd648ad5bb59,Evelyn Miller,derrickclark@example.com,9bP@_O9l$n,"[ObjectId('67fc5500ccdccd648ad5bb5c'), ObjectId('67fc5500ccdccd648ad5bb5b'), ObjectId('67fc5500ccdccd648ad5bb5a'), ObjectId('67fc5500ccdccd648ad5bb5d')]",cliente
67fc5500ccdccd648ad5bb5f,Beth Rodgers,donnajohns@example.com,%5cMhLcnec,[],administrador
67fc5500ccdccd648ad5bb62,Sheila Combs,qmcdonald@example.com,PE@9Lmo2t!,[],cliente
67fc5500ccdccd648ad5bb65,Beth Gonzalez,jrodriguez@example.com,&2O!e^ighf,[],mesero
67fc5500ccdccd648ad5bb69,Lance Arroyo,nmontgomery@example.com,+Jb717Ick0,"[ObjectId('67fc5500ccdccd648ad5bb6e'), ObjectId('67fc5500ccdccd648ad5bb6d')]",cliente
67fc5500ccdccd648ad5bb70,Brandi Pope,sethwilliams@example.com,(9j4%2woPa,[],mesero
67fc5500ccdccd648ad5bb73,John Ball,bryanbyrd@example.net,#NmKonSjj9,[],administrador
67fc5500ccdccd648ad5bb76,Mariah Garcia,millstyler@example.net,Om9DNSdM9%,"[ObjectId('67fc5500ccdccd648ad5bb77'), ObjectId('67fc5500ccdccd648ad5bb78')]",mesero
67fc5500ccdccd648ad5bb7a,Cheyenne Franklin,tuckerstephen@example.net,kcw8AuzlI),[ObjectId('67fc5500ccdccd648ad5bb7b')],consultor
67fc5500ccdccd648ad5bb7d,Mary Sanders,xwest@example.com,8_(MW$q7#v,"[ObjectId('67fc5500ccdccd648ad5bb7e'), ObjectId('67fc5500ccdccd648ad5bb7f'), ObjectId('67fc5500ccdccd648ad5bb80')]",mesero
67fc5500ccdccd648ad5bb82,Heidi Kelley,brownsara@example.net,_ed+5BgLU5,"[ObjectId('67fc5500ccdccd648ad5bb84'), ObjectId('67fc5500ccdccd648ad5bb85')]",consultor
67fc5500ccdccd648ad5bb87,Mary Mullins,douglaskim@example.org,B2ewaMwx@e,[],mesero
67fc5500ccdccd648ad5bb8a,Brenda Rodriguez,brettsmith@example.com,%U3@5WEhy#,"[ObjectId('67fc5500ccdccd648ad5bb8e'), ObjectId('67fc5500ccdccd648ad5bb8b')]",mesero
67fc5500ccdccd648ad5bb90,Amber Jennings,dodsontara@example.net,cNcr79Hj*^,"[ObjectId('67fc5500ccdccd648ad5bb94'), ObjectId('67fc5500ccdccd648ad5bb92'), ObjectId('67fc5500ccdccd648ad5bb95'), ObjectId('67fc5500ccdccd648ad5bb91'), ObjectId('67fc5500ccdccd648ad5bb93')]",administrador
67fc5500ccdccd648ad5bb97,Timothy Spencer,jasonjohnson@example.org,oV4XOxhI*d,[],consultor
67fc5500ccdccd648ad5bb9a,Adam Hahn,catherine54@example.org,s)l13KwGvC,[],mesero
67fc5500ccdccd648ad5bb9d,Jay Palmer,catherinemitchell@example.net,7+v$20Gg_n,"[ObjectId('67fc5500ccdccd648ad5bb9f'), ObjectId('67fc5500ccdccd648ad5bba0'), ObjectId('67fc5500ccdccd648ad5bba1'), ObjectId('67fc5500ccdccd648ad5bb9e')]",mesero
67fc5500ccdccd648ad5bba3,Karen Greene,jschroeder@example.com,f&V49fYu$f,[],mesero
67fc5500ccdccd648ad5bba7,Megan Scott,jromero@example.net,0BZRoljy#^,[],cliente
67fc5500ccdccd648ad5bbad,Robert Lang,cantrellmary@example.net,$E92i3Snf&,"[ObjectId('67fc5500ccdccd648ad5bbaf'), ObjectId('67fc5500ccdccd648ad5bbae')]",administrador
67fc5500ccdccd648ad5bbb2,Cassidy Stafford,paynebarbara@example.net,iWHNHKeG$8,[ObjectId('67fc5500ccdccd648ad5bbb5')],consultor
67fc5500ccdccd648ad5bbb9,Janice Avila,matthewroth@example.net,h(sOfsor!5,[ObjectId('67fc5500ccdccd648ad5bbba')],consultor
67fc5500ccdccd648ad5bbbd,Gabriel Baker,danielmyers@example.org,uj^2Yvx9_W,"[ObjectId('67fc5500ccdccd648ad5bbbe'), ObjectId('67fc5500ccdccd648ad5bbbf')]",administrador
67fc5500ccdccd648ad5bbc1,Sandra Brown,andrea45@example.net,+irKWWZwH8,"[ObjectId('67fc5500ccdccd648ad5bbc4'), ObjectId('67fc5500ccdccd648ad5bbc2'), ObjectId('67fc5500ccdccd648ad5bbc5'), ObjectId('67fc5500ccdccd648ad5bbc3')]",cliente
67fc5500ccdccd648ad5bbc7,Lisa Jefferson,nguyentammy@example.org,0cFP^1aZ#t,[ObjectId('67fc5500ccdccd648ad5bbc9')],consultor
67fc5500ccdccd648ad5bbcd,Julie Johnson,johnjohnson@example.net,3!vLOB7h&y,[],mesero
67fc5500ccdccd648ad5bbd1,Danielle Rodriguez,vjones@example.net,bf6Tzc6wj_,[],mesero
67fc5500ccdccd648ad5bbd6,Shane Allen,dhawkins@example.net,^^(k7Zh_t$,"[ObjectId('67fc5500ccdccd648ad5bbd8'), ObjectId('67fc5500ccdccd648ad5bbda'), ObjectId('67fc5500ccdccd648ad5bbd9')]",administrador
67fc5500ccdccd648ad5bbdc,Victoria Martinez,uhanson@example.net,y+6RvtdOS!,"[ObjectId('67fc5500ccdccd648ad5bbde'), ObjectId('67fc5500ccdccd648ad5bbdd')]",cliente
67fc5500ccdccd648ad5bbe0,Nathaniel Flynn,tommy87@example.net,!PgJ7Qs4(u,"[ObjectId('67fc5500ccdccd648ad5bbe1'), ObjectId('67fc5500ccdccd648ad5bbe3'), ObjectId('67fc5500ccdccd648ad5bbe2'), ObjectId('67fc5500ccdccd648ad5bbe4')]",consultor
67fc5500ccdccd648ad5bbe6,Janice Kirk,watersstephen@example.org,NcA6d+Mi#x,"[ObjectId('67fc5500ccdccd648ad5bbea'), ObjectId('67fc5500ccdccd648ad5bbe8'), ObjectId('67fc5500ccdccd648ad5bbe7')]",cliente
67fc5500ccdccd648ad5bbec,Jennifer Rodriguez,mcculloughjenna@example.com,+Y(OMotRI7,"[ObjectId('67fc5500ccdccd648ad5bbef'), ObjectId('67fc5500ccdccd648ad5bbee'), ObjectId('67fc5500ccdccd648ad5bbf1')]",administrador
67fc5500ccdccd648ad5bbf3,Nicholas Leonard,christopherdaniels@example.com,w6UkyQZa^k,"[ObjectId('67fc5500ccdccd648ad5bbf7'), ObjectId('67fc5500ccdccd648ad5bbf4')]",administrador
67fc5500ccdccd648ad5bbf9,Zachary Jacobs,ktucker@example.com,a*4UrGxz(8,[ObjectId('67fc5500ccdccd648ad5bbfa')],cliente
67fc5500ccdccd648ad5bbfe,Vanessa Adams,brownjason@example.org,#0379(WoKn,[ObjectId('67fc5500ccdccd648ad5bc01')],administrador
67fc5500ccdccd648ad5bc03,Maria Kelly,alexanderwolf@example.net,^J3lk^Mp#3,[],cliente
67fc5500ccdccd648ad5bc08,Debbie Patterson,alexanderwebb@example.com,i0)bSeez&S,[],administrador
67fc5500ccdccd648ad5bc0f,Sarah Wagner,patricia43@example.net,@_m1c@VdC1,[],mesero
67fc5500ccdccd648ad5bc16,Michael Diaz,victoriamiller@example.com,VbK&m_N9$5,[],mesero
67fc5500ccdccd648ad5bc19,Ricky Lambert,kathleenthompson@example.net,sHRaXdOt(4,"[ObjectId('67fc5500ccdccd648ad5bc1a'), ObjectId('67fc5500ccdccd648ad5bc1c')]",mesero
67fc5500ccdccd648ad5bc1e,Justin Donovan,robintucker@example.org,)(LaM6Nd&0,"[ObjectId('67fc5500ccdccd648ad5bc1f'), ObjectId('67fc5500ccdccd648ad5bc21'), ObjectId('67fc5500ccdccd648ad5bc20')]",consultor
67fc5500ccdccd648ad5bc25,Christopher Haas,ukennedy@example.net,G#)5M3Fisa,[ObjectId('67fc5500ccdccd648ad5bc28')],mesero
67fc5500ccdccd648ad5bc2c,Barbara Griffin,williamsmatthew@example.com,(1_UP#Uy&1,"[ObjectId('67fc5500ccdccd648ad5bc2d'), ObjectId('67fc5500ccdccd648ad5bc30'), ObjectId('67fc5500ccdccd648ad5bc2e')]",mesero
67fc5500ccdccd648ad5bc33,Emily Marshall,melissaroy@example.net,fMq+9DfN!^,"[ObjectId('67fc5500ccdccd648ad5bc35'), ObjectId('67fc5500ccdccd648ad5bc37'), ObjectId('67fc5500ccdccd648ad5bc38'), ObjectId('67fc5500ccdccd648ad5bc34'), ObjectId('67fc5500ccdccd648ad5bc36')]",mesero
67fc5500ccdccd648ad5bc3a,David Hansen,xdaniels@example.net,!*6#7EEx+x,"[ObjectId('67fc5500ccdccd648ad5bc3b'), ObjectId('67fc5500ccdccd648ad5bc3e'), ObjectId('67fc5500ccdccd648ad5bc3c'), ObjectId('67fc5500ccdccd648ad5bc3f'), ObjectId('67fc5500ccdccd648ad5bc3d')]",cliente
67fc5500ccdccd648ad5bc41,Leonard Davies,pmartinez@example.com,vmsJ!eYe!8,[],consultor
67fc5500ccdccd648ad5bc44,Stacey Taylor,brendanwalter@example.com,!48@9u3cD!,"[ObjectId('67fc5500ccdccd648ad5bc48'), ObjectId('67fc5500ccdccd648ad5bc45')]",mesero
67fc5500ccdccd648ad5bc4a,Charles Martinez,hunterharrison@example.com,Y!VBbu7f$2,[ObjectId('67fc5500ccdccd648ad5bc4d')],consultor
67fc5500ccdccd648ad5bc51,Kristina Oconnor,jason21@example.com,#iT_i4Cb)L,"[ObjectId('67fc5500ccdccd648ad5bc52'), ObjectId('67fc5500ccdccd648ad5bc53'), ObjectId('67fc5500ccdccd648ad5bc54'), ObjectId('67fc5500ccdccd648ad5bc55')]",administrador
67fc5500ccdccd648ad5bc57,Jeremy Garcia,robert69@example.org,x(6A0LKymv,[],administrador
67fc5500ccdccd648ad5bc5d,Kristen Walsh,amyacevedo@example.com,86%ZdqLd)7,"[ObjectId('67fc5500ccdccd648ad5bc62'), ObjectId('67fc5500ccdccd648ad5bc5f'), ObjectId('67fc5500ccdccd648ad5bc61'), ObjectId('67fc5500ccdccd648ad5bc60'), ObjectId('67fc5500ccdccd648ad5bc5e')]",cliente
67fc5500ccdccd648ad5bc64,Timothy Ellison,haleyjames@example.net,U$j5VpnA*U,[ObjectId('67fc5500ccdccd648ad5bc66')],consultor
67fc5500ccdccd648ad5bc6a,Emily Perez,xevans@example.org,cVAQRa5Q#1,[],consultor
67fc5500ccdccd648ad5bc6e,Bryan Riley,scottmendez@example.com,0gd0rqEi_%,"[ObjectId('67fc5500ccdccd648ad5bc73'), ObjectId('67fc5500ccdccd648ad5bc6f')]",administrador
67fc5500ccdccd648ad5bc75,Douglas Adkins,beverly82@example.com,9H4%3@IbS6,"[ObjectId('67fc5500ccdccd648ad5bc78'), ObjectId('67fc5500ccdccd648ad5bc76'), ObjectId('67fc5500ccdccd648ad5bc77')]",mesero
67fc5500ccdccd648ad5bc7b,William Grimes,nathanjones@example.org,7%dXDx#g%b,"[ObjectId('67fc5500ccdccd648ad5bc7d'), ObjectId('67fc5500ccdccd648ad5bc7e'), ObjectId('67fc5500ccdccd648ad5bc7c')]",mesero
67fc5500ccdccd648ad5bc80,James Hall,jeffrogers@example.net,9@MSyXDa_m,[ObjectId('67fc5500ccdccd648ad5bc81')],mesero
67fc5500ccdccd648ad5bc83,Pamela Williams,vrodriguez@example.org,*iYpT)9b03,[],cliente
67fc5500ccdccd648ad5bc87,Jessica Guzman,tanderson@example.org,Sm4OSa&4$6,"[ObjectId('67fc5500ccdccd648ad5bc89'), ObjectId('67fc5500ccdccd648ad5bc88')]",consultor
67fc5500ccdccd648ad5bc8b,Anna Perez,tcastillo@example.net,)Z+GfF_SF4,"[ObjectId('67fc5500ccdccd648ad5bc8d'), ObjectId('67fc5500ccdccd648ad5bc8f'), ObjectId('67fc5500ccdccd648ad5bc8c')]",administrador
67fc5500ccdccd648ad5bc92,Don Cole,wsmith@example.org,Ck_z$7Ncg0,"[ObjectId('67fc5500ccdccd648ad5bc95'), ObjectId('67fc5500ccdccd648ad5bc96')]",mesero
67fc5500ccdccd648ad5bc98,Jessica Vaughan,janice07@example.com,#&Z0Mvsdx7,[],administrador
67fc5500ccdccd648ad5bc9c,Stephen Rollins,smithjackson@example.org,bQy4Nf)r_F,[ObjectId('67fc5500ccdccd648ad5bc9e')],consultor
67fc5500ccdccd648ad5bca1,Elizabeth Warren,esmith@example.net,wpw!0UWaft,"[ObjectId('67fc5500ccdccd648ad5bca3'), ObjectId('67fc5500ccdccd648ad5bca2'), ObjectId('67fc5500ccdccd648ad5bca4')]",administrador
67fc5500ccdccd648ad5bca7,Kelli Fritz,donna15@example.net,FJ9driWh)T,"[ObjectId('67fc5500ccdccd648ad5bca8'), ObjectId('67fc5500ccdccd648ad5bcaa'), ObjectId('67fc5500ccdccd648ad5bca9')]",consultor
67fc5500ccdccd648ad5bcac,Victor Ruiz,annamartinez@example.net,f$2cT2DdI_,[ObjectId('67fc5500ccdccd648ad5bcae')],cliente
67fc5500ccdccd648ad5bcb0,Andrew Reed,watersrebecca@example.net,EO6SKfbl(Q,[],cliente
67fc5500ccdccd648ad5bcb3,Donna Alvarado,sheila77@example.org,#70z&M&i9M,"[ObjectId('67fc5500ccdccd648ad5bcb5'), ObjectId('67fc5500ccdccd648ad5bcb6'), ObjectId('67fc5500ccdccd648ad5bcb4')]",administrador
67fc5500ccdccd648ad5bcb8,Jeremy Allen,gjones@example.net,mp)74sCm%s,"[ObjectId('67fc5500ccdccd648ad5bcb9'), ObjectId('67fc5500ccdccd648ad5bcbb'), ObjectId('67fc5500ccdccd648ad5bcba')]",administrador
67fc5500ccdccd648ad5bcbd,Andre Galloway,bmorgan@example.org,wDhI#7Oatx,[],administrador
67fc5500ccdccd648ad5bcc4,Caitlin Weaver,nicholas12@example.org,I^zE6Tb))(,[ObjectId('67fc5500ccdccd648ad5bcc5')],consultor
67fc5500ccdccd648ad5bcc7,Rick Perez,lorijones@example.net,c6yn7Pzo!1,"[ObjectId('67fc5500ccdccd648ad5bcc9'), ObjectId('67fc5500ccdccd648ad5bcc8'), ObjectId('67fc5500ccdccd648ad5bcca'), ObjectId('67fc5500ccdccd648ad5bccb')]",consultor
67fc5500ccdccd648ad5bccd,Nathan Fletcher,fjackson@example.com,()3TRj)K3Y,[ObjectId('67fc5500ccdccd648ad5bcd1')],mesero
67fc5500ccdccd648ad5bcd3,Connie Reese,zfisher@example.com,k25Ya@+d^^,[ObjectId('67fc5500ccdccd648ad5bcd4')],administrador
67fc5500ccdccd648ad5bcd6,Ann Mcintyre,andrea80@example.com,77JQCp^P+p,[ObjectId('67fc5500ccdccd648ad5bcd8')],administrador
67fc5500ccdccd648ad5bcdb,Danny Gaines,seanhammond@example.org,3(U8Io1(EI,"[ObjectId('67fc5500ccdccd648ad5bcdd'), ObjectId('67fc5500ccdccd648ad5bce0'), ObjectId('67fc5500ccdccd648ad5bcde'), ObjectId('67fc5500ccdccd648ad5bcdf'), ObjectId('67fc5500ccdccd648ad5bcdc')]",consultor
67fc5500ccdccd648ad5bce2,David Schneider,tbates@example.org,Ii^3iSuR29,[ObjectId('67fc5500ccdccd648ad5bce3')],mesero
67fc5500ccdccd648ad5bce7,Andrea Chavez,ronaldstone@example.net,&0WeUELt%4,"[ObjectId('67fc5500ccdccd648ad5bce9'), ObjectId('67fc5500ccdccd648ad5bcea')]",consultor
67fc5500ccdccd648ad5bced,Caitlin Everett,kellyflores@example.net,$dqSMUp108,[ObjectId('67fc5500ccdccd648ad5bcee')],administrador
67fc5500ccdccd648ad5bcf0,Matthew Perez,james12@example.org,+2PBPVuBQ@,"[ObjectId('67fc5500ccdccd648ad5bcf3'), ObjectId('67fc5500ccdccd648ad5bcf4'), ObjectId('67fc5500ccdccd648ad5bcf2'), ObjectId('67fc5500ccdccd648ad5bcf1')]",cliente
67fc5500ccdccd648ad5bcf6,Brittany Shields,yherrera@example.org,7JKR@)bO#S,[],cliente
67fc5500ccdccd648ad5bcfb,Joseph Warren,guerreroricky@example.org,fw97HpKoq$,"[ObjectId('67fc5500ccdccd648ad5bd00'), ObjectId('67fc5500ccdccd648ad5bcff'), ObjectId('67fc5500ccdccd648ad5bcfc')]",mesero
67fc5500ccdccd648ad5bd02,Heather Washington,edwardlara@example.org,_2fOOTcEwz,[ObjectId('67fc5500ccdccd648ad5bd03')],administrador
67fc5500ccdccd648ad5bd05,Joanna Fuentes,oward@example.net,gK7Rd5$7)g,[ObjectId('67fc5500ccdccd648ad5bd06')],consultor
67fc5500ccdccd648ad5bd09,Justin Rivera,davidayala@example.net,B_4eIRwn8g,"[ObjectId('67fc5500ccdccd648ad5bd0a'), ObjectId('67fc5500ccdccd648ad5bd0c'), ObjectId('67fc5500ccdccd648ad5bd0d')]",consultor
67fc5500ccdccd648ad5bd10,Terri Smith,oliviaadams@example.net,^&H6hORhFK,"[ObjectId('67fc5500ccdccd648ad5bd11'), ObjectId('67fc5500ccdccd648ad5bd14'), ObjectId('67fc5500ccdccd648ad5bd13')]",administrador
67fc5500ccdccd648ad5bd16,Susan Cooper,pricemadeline@example.org,Q5wFOcXm)X,"[ObjectId('67fc5500ccdccd648ad5bd18'), ObjectId('67fc5500ccdccd648ad5bd19')]",mesero
67fc5500ccdccd648ad5bd1b,Daniel Watson,wrightjustin@example.com,B#4R2Bq30F,"[ObjectId('67fc5500ccdccd648ad5bd20'), ObjectId('67fc5500ccdccd648ad5bd1e'), ObjectId('67fc5500ccdccd648ad5bd1f')]",mesero
67fc5500ccdccd648ad5bd22,Eric Hamilton,amy71@example.org,O8)Ny96P+B,[ObjectId('67fc5500ccdccd648ad5bd25')],consultor
67fc5500ccdccd648ad5bd27,Jennifer Carey,kelsey54@example.com,$W5JlzpzTA,[ObjectId('67fc5500ccdccd648ad5bd28')],cliente
67fc5500ccdccd648ad5bd2a,Mary Long,wrightfelicia@example.org,%%U#D1Rt*Z,"[ObjectId('67fc5500ccdccd648ad5bd2b'), ObjectId('67fc5500ccdccd648ad5bd2c')]",cliente
67fc5500ccdccd648ad5bd2e,Ashley Brown,jacob83@example.net,+Ia3OOPbm%,[],administrador
67fc5500ccdccd648ad5bd32,Jacob Castro,jacobdavidson@example.org,Fe7OmATDm*,[],administrador
67fc5500ccdccd648ad5bd35,Robin Hodges,mmoore@example.com,+GG*55Wr35,[ObjectId('67fc5500ccdccd648ad5bd36')],mesero
67fc5500ccdccd648ad5bd38,Jesus Barron,michelle12@example.org,3jA4^Z6u$(,[],cliente
67fc5500ccdccd648ad5bd3e,Theresa Gallagher,josephbrennan@example.com,e^94Sw_cQ1,"[ObjectId('67fc5500ccdccd648ad5bd40'), ObjectId('67fc5500ccdccd648ad5bd3f')]",administrador
67fc5500ccdccd648ad5bd42,Luke Maynard,jonathanbennett@example.org,2BVDldN5&A,[ObjectId('67fc5500ccdccd648ad5bd43')],cliente
67fc5500ccdccd648ad5bd46,Debra Hood,owilson@example.com,+bpGOHd8j8,[ObjectId('67fc5500ccdccd648ad5bd49')],mesero
67fc5500ccdccd648ad5bd4c,Kevin Todd,dsolis@example.org,#31WZvSdD+,"[ObjectId('67fc5500ccdccd648ad5bd4e'), ObjectId('67fc5500ccdccd648ad5bd4f'), ObjectId('67fc5500ccdccd648ad5bd50')]",administrador
67fc5500ccdccd648ad5bd52,Anthony Curtis,websterchristina@example.org,EqyZ__C9n!,[],mesero
67fc5500ccdccd648ad5bd55,Chloe Smith,christopherevans@example.net,@2AKwxDMiN,[ObjectId('67fc5500ccdccd648ad5bd56')],administrador
67fc5500ccdccd648ad5bd59,Robert Padilla,jason62@example.com,3!9I6WZr$7,[],consultor
67fc5500ccdccd648ad5bd5f,Erin Parsons,jamesmark@example.net,fQg8Elua&#,"[ObjectId('67fc5500ccdccd648ad5bd60'), ObjectId('67fc5500ccdccd648ad5bd62'), ObjectId('67fc5500ccdccd648ad5bd63'), ObjectId('67fc5500ccdccd648ad5bd64')]",mesero
67fc5500ccdccd648ad5bd66,William Bradley,bakermichelle@example.org,9d0UkgfI_*,[],cliente
67fc5500ccdccd648ad5bd6d,Ashley Smith,jared30@example.net,R+Pb93AwKs,[ObjectId('67fc5500ccdccd648ad5bd6e')],cliente
67fc5500ccdccd648ad5bd70,Joy Benitez,mcknightkristina@example.com,x9Rm_JfB_B,"[ObjectId('67fc5500ccdccd648ad5bd73'), ObjectId('67fc5500ccdccd648ad5bd71'), ObjectId('67fc5500ccdccd648ad5bd74')]",consultor
67fc5500ccdccd648ad5bd77,Kyle Wilson,whitemary@example.net,Ld3BfiId(J,"[ObjectId('67fc5500ccdccd648ad5bd7a'), ObjectId('67fc5500ccdccd648ad5bd78'), ObjectId('67fc5500ccdccd648ad5bd79')]",cliente
67fc5500ccdccd648ad5bd7c,Mariah Armstrong,kross@example.com,*4Aj8HjvuG,"[ObjectId('67fc5500ccdccd648ad5bd7d'), ObjectId('67fc5500ccdccd648ad5bd7e'), ObjectId('67fc5500ccdccd648ad5bd7f')]",cliente
67fc5500ccdccd648ad5bd81,Leslie Woods,wharrington@example.com,3UO1X!hxZ!,[],cliente
67fc5500ccdccd648ad5bd87,Thomas Moore,rowlandjennifer@example.com,$(tTLZf8*4,[ObjectId('67fc5500ccdccd648ad5bd89')],mesero
67fc5500ccdccd648ad5bd8b,Jonathan Thompson,philipjones@example.org,m062@JIj)$,[],cliente
67fc5500ccdccd648ad5bd8e,Rose Hanson,gomezsandra@example.com,Z%7!lL_JVl,"[ObjectId('67fc5500ccdccd648ad5bd90'), ObjectId('67fc5500ccdccd648ad5bd91')]",consultor
67fc5500ccdccd648ad5bd93,Hector Soto,amandadeleon@example.org,@YVBxtQc5U,[ObjectId('67fc5500ccdccd648ad5bd94')],consultor
67fc5500ccdccd648ad5bd96,Lori Johnson,yrobertson@example.org,^9lQKF$w(M,"[ObjectId('67fc5500ccdccd648ad5bd99'), ObjectId('67fc5500ccdccd648ad5bd98')]",cliente
67fc5500ccdccd648ad5bd9c,Misty Garcia,janice46@example.net,3hGEGhW*$c,[ObjectId('67fc5500ccdccd648ad5bd9d')],consultor
67fc5500ccdccd648ad5bd9f,Tracy Ruiz,phillipsheather@example.net,Z%$fg9FwCy,[],mesero
67fc5500ccdccd648ad5bda2,Bobby Hansen,kevinbrewer@example.org,&K!VT8jkS0,[ObjectId('67fc5500ccdccd648ad5bda5')],consultor
67fc5500ccdccd648ad5bda8,Joseph Hodge V,bcollins@example.net,17VtyRqA+v,"[ObjectId('67fc5500ccdccd648ad5bda9'), ObjectId('67fc5500ccdccd648ad5bdab')]",cliente
67fc5500ccdccd648ad5bdad,Robert Christensen,jtorres@example.org,51U9%6Hg*c,[],administrador
67fc5500ccdccd648ad5bdb0,Logan King,gmyers@example.org,9N&f(EDX)i,"[ObjectId('67fc5500ccdccd648ad5bdb5'), ObjectId('67fc5500ccdccd648ad5bdb1'), ObjectId('67fc5500ccdccd648ad5bdb4'), ObjectId('67fc5500ccdccd648ad5bdb3')]",mesero
67fc5500ccdccd648ad5bdb7,Jessica Johnson,dorisgriffin@example.com,(3!Cc6Sz*a,[],cliente
67fc5500ccdccd648ad5bdbe,Denise Walker,kpatton@example.com,g35SQk&G*y,[],administrador
67fc5500ccdccd648ad5bdc3,Paige Riddle,harrispatrick@example.net,pY&0akke)%,[ObjectId('67fc5500ccdccd648ad5bdc4')],mesero
67fc5500ccdccd648ad5bdc6,Aaron Thomas,bstone@example.org,b25K5gu5!*,"[ObjectId('67fc5500ccdccd648ad5bdc7'), ObjectId('67fc5500ccdccd648ad5bdc9')]",cliente
67fc5500ccdccd648ad5bdcb,Julie Davenport,melissapayne@example.net,!t9hZcPun3,"[ObjectId('67fc5500ccdccd648ad5bdce'), ObjectId('67fc5500ccdccd648ad5bdcd'), ObjectId('67fc5500ccdccd648ad5bdcc')]",cliente
67fc5500ccdccd648ad5bdd0,Robert Williams,brittneygeorge@example.net,&2@JN_+g5h,[],consultor
67fc5500ccdccd648ad5bdd6,Zachary Ortega,weaverjanice@example.com,t4F0Gr&h^9,"[ObjectId('67fc5500ccdccd648ad5bdd9'), ObjectId('67fc5500ccdccd648ad5bdd7'), ObjectId('67fc5500ccdccd648ad5bdd8')]",administrador
67fc5500ccdccd648ad5bddb,Ms. Carrie Lowe MD,charles29@example.org,P(q)T0JuOE,[ObjectId('67fc5500ccdccd648ad5bddc')],consultor
67fc5500ccdccd648ad5bdde,Christine Rodriguez,johnsonthomas@example.org,+U6PW7Osf!,[],cliente
67fc5500ccdccd648ad5bde5,Christopher Kline,qbrooks@example.org,hp2K%Okjl%,[],consultor
67fc5500ccdccd648ad5bdec,Tina Thomas,lenglish@example.org,5x1pp!xC^P,"[ObjectId('67fc5500ccdccd648ad5bdef'), ObjectId('67fc5500ccdccd648ad5bdf0'), ObjectId('67fc5500ccdccd648ad5bded'), ObjectId('67fc5500ccdccd648ad5bdee')]",mesero
67fc5500ccdccd648ad5bdf3,Thomas Elliott,xshannon@example.org,F*F^^QUw+7,"[ObjectId('67fc5500ccdccd648ad5bdf5'), ObjectId('67fc5500ccdccd648ad5bdf7'), ObjectId('67fc5500ccdccd648ad5bdf4'), ObjectId('67fc5500ccdccd648ad5bdf6')]",consultor
67fc5500ccdccd648ad5bdf9,Kristen Hart,kgibson@example.com,xrhOcb+8_9,[],cliente
67fc5500ccdccd648ad5be00,Elizabeth Crosby,aprilnichols@example.com,*4_4VZx)A&,"[ObjectId('67fc5500ccdccd648ad5be02'), ObjectId('67fc5500ccdccd648ad5be05'), ObjectId('67fc5500ccdccd648ad5be04'), ObjectId('67fc5500ccdccd648ad5be01')]",mesero
67fc5500ccdccd648ad5be07,Erin Frank,jessica47@example.com,*89VB)peTF,[],consultor
67fc5500ccdccd648ad5be0d,John Watson,williamsheidi@example.net,*)E@OmGw17,"[ObjectId('67fc5500ccdccd648ad5be0e'), ObjectId('67fc5500ccdccd648ad5be12'), ObjectId('67fc5500ccdccd648ad5be10'), ObjectId('67fc5500ccdccd648ad5be0f'), ObjectId('67fc5500ccdccd648ad5be11')]",administrador
67fc5500ccdccd648ad5be14,Julie White,freeves@example.org,8_J1Y*fn*w,[ObjectId('67fc5500ccdccd648ad5be15')],consultor
67fc5500ccdccd648ad5be17,Christopher Fisher,xsmith@example.com,+UXDKMg(29,[ObjectId('67fc5500ccdccd648ad5be19')],cliente
67fc5500ccdccd648ad5be1c,Alexandra Cook,caitlinking@example.org,(aPs5Zh(L8,[ObjectId('67fc5500ccdccd648ad5be1d')],administrador
67fc5500ccdccd648ad5be1f,Alexis Mason,emartin@example.com,%p+oRp(Q8t,[],consultor
67fc5500ccdccd648ad5be23,Alan Hernandez,wellsjohn@example.com,cH+2gsOeHW,[],consultor
67fc5500ccdccd648ad5be2a,Juan Griffin,moralesaaron@example.net,5&m40UPyNv,"[ObjectId('67fc5500ccdccd648ad5be2b'), ObjectId('67fc5500ccdccd648ad5be2c'), ObjectId('67fc5500ccdccd648ad5be2f'), ObjectId('67fc5500ccdccd648ad5be2e')]",consultor
67fc5500ccdccd648ad5be31,Betty Riggs DVM,xbuchanan@example.com,$$HAF9onK1,[],mesero
67fc5500ccdccd648ad5be35,John Page,amber93@example.net,$0N1jp(qo!,"[ObjectId('67fc5500ccdccd648ad5be38'), ObjectId('67fc5500ccdccd648ad5be37')]",mesero
67fc5500ccdccd648ad5be3a,Desiree Harris,jfisher@example.com,I*9QJvcdqD,[ObjectId('67fc5500ccdccd648ad5be3b')],cliente
67fc5500ccdccd648ad5be41,Tiffany Martin,uhall@example.com,YUKM%0AjQ@,[],administrador
67fc5500ccdccd648ad5be46,Tracey Cooper,wrightjustin@example.net,5lgj2Q4fk&,[ObjectId('67fc5500ccdccd648ad5be47')],cliente
67fc5500ccdccd648ad5be49,Gordon French,mcdonaldsandra@example.net,wM5$GVIt$&,"[ObjectId('67fc5500ccdccd648ad5be4d'), ObjectId('67fc5500ccdccd648ad5be4c'), ObjectId('67fc5500ccdccd648ad5be4a')]",cliente
67fc5500ccdccd648ad5be4f,James Henry,jlopez@example.net,Aj%mH4PzY2,[],cliente
67fc5500ccdccd648ad5be53,Antonio Melton,shawjennifer@example.org,+(G9GX@v8b,"[ObjectId('67fc5500ccdccd648ad5be54'), ObjectId('67fc5500ccdccd648ad5be55')]",consultor
67fc5500ccdccd648ad5be58,Karen Rosales,carriemanning@example.net,NFkA+H9a&3,[],cliente
67fc5500ccdccd648ad5be5b,Jennifer Garcia,kimberly33@example.com,^M1WcQfaCu,"[ObjectId('67fc5500ccdccd648ad5be5d'), ObjectId('67fc5500ccdccd648ad5be5c')]",mesero
67fc5500ccdccd648ad5be5f,James White,michaelperez@example.org,nj8D3Avg$y,[ObjectId('67fc5500ccdccd648ad5be60')],consultor
67fc5500ccdccd648ad5be62,Allison Nichols,ufrank@example.com,VcA*7Cxd3^,"[ObjectId('67fc5500ccdccd648ad5be66'), ObjectId('67fc5500ccdccd648ad5be63')]",mesero
67fc5500ccdccd648ad5be69,Evelyn Price,umoreno@example.com,^6_W&haeZ7,[ObjectId('67fc5500ccdccd648ad5be6a')],administrador
67fc5500ccdccd648ad5be6f,Melissa Mora,jeffrey80@example.net,gK%Rj2Uin+,[],mesero
67fc5500ccdccd648ad5be73,Alexandra Gonzalez,john19@example.net,40P_KCh3#q,"[ObjectId('67fc5500ccdccd648ad5be74'), ObjectId('67fc5500ccdccd648ad5be75'), ObjectId('67fc5500ccdccd648ad5be76')]",cliente
67fc5500ccdccd648ad5be78,Brittany Simon,annlopez@example.net,c!n8keSlCs,[],mesero
67fc5500ccdccd648ad5be7e,John Kaiser,zhines@example.net,(peRWl((M5,[],consultor
67fc5500ccdccd648ad5be84,Charles Sullivan,bianca03@example.net,*SL)zprg^7,"[ObjectId('67fc5500ccdccd648ad5be85'), ObjectId('67fc5500ccdccd648ad5be86')]",consultor
67fc5500ccdccd648ad5be89,April Mclean,lchung@example.com,dYrVDv@g%7,[ObjectId('67fc5500ccdccd648ad5be8a')],cliente
67fc5500ccdccd648ad5be8e,Michael Scott,lewisnathan@example.org,%2eYEnLgZA,[],cliente
67fc5500ccdccd648ad5be91,Isaac Perez,billywoodward@example.com,!ED0AYbgn#,"[ObjectId('67fc5500ccdccd648ad5be94'), ObjectId('67fc5500ccdccd648ad5be92'), ObjectId('67fc5500ccdccd648ad5be95'), ObjectId('67fc5500ccdccd648ad5be93')]",consultor
67fc5500ccdccd648ad5be97,Gregory Bennett,dunnmichael@example.net,x1Ikgl_p(q,[],administrador
67fc5500ccdccd648ad5be9a,Arthur Brown Jr.,fullersarah@example.net,N9^mVmbN!B,"[ObjectId('67fc5500ccdccd648ad5be9e'), ObjectId('67fc5500ccdccd648ad5be9b')]",cliente
67fc5500ccdccd648ad5bea1,Kathy Morton,kevinanderson@example.org,_GgYnwU#02,[ObjectId('67fc5500ccdccd648ad5bea4')],consultor
67fc5500ccdccd648ad5bea6,Heather Rogers,michaelwilliams@example.net,_56KxnFp)P,[ObjectId('67fc5500ccdccd648ad5bea9')],administrador
67fc5500ccdccd648ad5beab,Allen Horn,walshjessica@example.com,B_51%SxkdT,[ObjectId('67fc5500ccdccd648ad5beac')],consultor
67fc5500ccdccd648ad5beae,Rodney Knight,qgolden@example.com,f9XFNAlD&U,[ObjectId('67fc5500ccdccd648ad5beaf')],consultor
67fc5500ccdccd648ad5beb2,Tracy Nelson,toddmcknight@example.org,HC1%SKhC&@,[ObjectId('67fc5500ccdccd648ad5beb3')],mesero
67fc5500ccdccd648ad5beb5,Patrick Miranda,douglaslee@example.com,5J18Zr_r!0,[],consultor
67fc5500ccdccd648ad5beb8,Darren Fitzgerald,gregorymisty@example.net,k@38X)v1%$,[ObjectId('67fc5500ccdccd648ad5beb9')],mesero
67fc5500ccdccd648ad5bebf,Anthony Serrano,trevinodenise@example.com,^p3GRS*xv#,"[ObjectId('67fc5500ccdccd648ad5bec1'), ObjectId('67fc5500ccdccd648ad5bec3'), ObjectId('67fc5500ccdccd648ad5bec2'), ObjectId('67fc5500ccdccd648ad5bec0')]",consultor
67fc5500ccdccd648ad5bec6,Jonathan Norris,noah74@example.com,6gS$llQh&X,[ObjectId('67fc5500ccdccd648ad5bec7')],consultor
67fc5500ccdccd648ad5becc,Bradley Scott,elizabethrussell@example.org,L3(H0zBaAY,"[ObjectId('67fc5500ccdccd648ad5becf'), ObjectId('67fc5500ccdccd648ad5becd')]",administrador
67fc5500ccdccd648ad5bed2,Matthew Holmes,gjohnson@example.net,Fv6g#BCl*7,[ObjectId('67fc5500ccdccd648ad5bed4')],cliente
67fc5500ccdccd648ad5bed6,Lindsay Hoover,amberfuller@example.com,sJ84CGwz&Y,[ObjectId('67fc5500ccdccd648ad5bed7')],cliente
67fc5500ccdccd648ad5bedb,Michelle Lee,mary01@example.com,@3jN89hS$l,[],mesero
67fc5500ccdccd648ad5bee2,Robert Schultz,pattersonjames@example.org,4i0QQuivr&,[],administrador
67fc5500ccdccd648ad5bee5,Shannon Gould,jennifer08@example.org,746P+c^@*^,[ObjectId('67fc5500ccdccd648ad5bee6')],mesero
67fc5500ccdccd648ad5bee8,Tiffany Martin,chaddiaz@example.com,!7WNi4v!98,"[ObjectId('67fc5500ccdccd648ad5beeb'), ObjectId('67fc5500ccdccd648ad5beec'), ObjectId('67fc5500ccdccd648ad5beed')]",cliente
67fc5500ccdccd648ad5beef,Lindsay Green,gwendolynrobbins@example.net,VD%6PscA2h,"[ObjectId('67fc5500ccdccd648ad5bef1'), ObjectId('67fc5500ccdccd648ad5bef0'), ObjectId('67fc5500ccdccd648ad5bef2')]",consultor
67fc5500ccdccd648ad5bef5,Sean Morris,swolf@example.com,o!37$Zqc5i,[ObjectId('67fc5500ccdccd648ad5bef6')],cliente
67fc5500ccdccd648ad5bef8,Jackie Bryant,carlos03@example.net,X+3ZwvOiE#,"[ObjectId('67fc5500ccdccd648ad5befa'), ObjectId('67fc5500ccdccd648ad5bef9')]",consultor
67fc5500ccdccd648ad5befc,Karen Thomas,beth70@example.org,s)Q4QvQnbe,"[ObjectId('67fc5500ccdccd648ad5bf00'), ObjectId('67fc5500ccdccd648ad5befd')]",administrador
67fc5500ccdccd648ad5bf03,Justin Ortiz,mcmillanjulie@example.com,9ot1AFmZ*I,"[ObjectId('67fc5500ccdccd648ad5bf05'), ObjectId('67fc5500ccdccd648ad5bf06'), ObjectId('67fc5500ccdccd648ad5bf07')]",administrador
67fc5500ccdccd648ad5bf09,Michael Larson,kimberlydiaz@example.org,o1T%PQxs&0,[ObjectId('67fc5500ccdccd648ad5bf0a')],consultor
67fc5500ccdccd648ad5bf0d,John Gordon,phahn@example.net,bB6sXPaj^m,"[ObjectId('67fc5500ccdccd648ad5bf0e'), ObjectId('67fc5500ccdccd648ad5bf12'), ObjectId('67fc5500ccdccd648ad5bf11'), ObjectId('67fc5500ccdccd648ad5bf10'), ObjectId('67fc5500ccdccd648ad5bf0f')]",administrador
67fc5500ccdccd648ad5bf14,Robert Cox,garciarobert@example.com,@8VERzZMy7,"[ObjectId('67fc5500ccdccd648ad5bf16'), ObjectId('67fc5500ccdccd648ad5bf15')]",cliente
67fc5500ccdccd648ad5bf18,Spencer Brown,daniel99@example.org,IUbX20e28+,[],cliente
67fc5500ccdccd648ad5bf1c,Jeffrey Calderon,adam88@example.com,)3R)R@PnxB,[ObjectId('67fc5500ccdccd648ad5bf1e')],consultor
67fc5500ccdccd648ad5bf21,Heather Lynch,lukevazquez@example.com,A5riLLst)A,"[ObjectId('67fc5500ccdccd648ad5bf23'), ObjectId('67fc5500ccdccd648ad5bf22')]",consultor
67fc5500ccdccd648ad5bf25,Cynthia Lamb,owenspatrick@example.com,Ae5QWoiy%d,[ObjectId('67fc5500ccdccd648ad5bf27')],mesero
67fc5500ccdccd648ad5bf2b,Anthony Hawkins,donnanelson@example.net,1cb#NEOa&I,[],consultor
67fc5500ccdccd648ad5bf2e,Joseph Paul,kellernicole@example.com,!x0PSoehZ0,"[ObjectId('67fc5500ccdccd648ad5bf2f'), ObjectId('67fc5500ccdccd648ad5bf31'), ObjectId('67fc5500ccdccd648ad5bf30')]",mesero
67fc5500ccdccd648ad5bf33,Kevin Woods,munozchristine@example.net,W!4Uxp^uZ*,"[ObjectId('67fc5500ccdccd648ad5bf35'), ObjectId('67fc5500ccdccd648ad5bf34')]",administrador
67fc5500ccdccd648ad5bf37,James Lopez,eugene44@example.net,3*2jQV^l^j,"[ObjectId('67fc5500ccdccd648ad5bf38'), ObjectId('67fc5500ccdccd648ad5bf39')]",administrador
67fc5500ccdccd648ad5bf3b,Ray Rhodes,ericharris@example.org,$0*gXySdNy,[ObjectId('67fc5500ccdccd648ad5bf3c')],administrador
67fc5500ccdccd648ad5bf3e,Andrew Navarro,cfrazier@example.com,PT8rQ&u0d&,[],consultor
67fc5500ccdccd648ad5bf41,Steven Thomas,jamesnicholson@example.com,%Mc0Lmg)Pf,"[ObjectId('67fc5500ccdccd648ad5bf42'), ObjectId('67fc5500ccdccd648ad5bf43'), ObjectId('67fc5500ccdccd648ad5bf44')]",cliente
67fc5500ccdccd648ad5bf46,Matthew Mason,elliottanthony@example.com,&!xvtfXny2,[],consultor
67fc5500ccdccd648ad5bf4b,James Gill,lisa44@example.com,H9BQb@p(&G,"[ObjectId('67fc5500ccdccd648ad5bf4c'), ObjectId('67fc5500ccdccd648ad5bf4d')]",cliente
67fc5500ccdccd648ad5bf4f,Jamie Johnson,ublankenship@example.com,Pc2EVqx7(+,"[ObjectId('67fc5500ccdccd648ad5bf50'), ObjectId('67fc5500ccdccd648ad5bf51')]",mesero
67fc5500ccdccd648ad5bf53,Donald Lee,mary43@example.org,r#8fw4PfWO,"[ObjectId('67fc5500ccdccd648ad5bf56'), ObjectId('67fc5500ccdccd648ad5bf55'), ObjectId('67fc5500ccdccd648ad5bf54')]",cliente
